Plot Title: sargento-canal,,,,
#,Fecha,"Abs Pres, kPa","Temp, C","Water Level, meters"
1,8/16/18 11:15,112.032,29.152,0.36
2,8/16/18 11:30,111.99,27.567,0.356
3,8/16/18 11:45,111.928,27.272,0.35
4,8/16/18 12:00,111.899,27.173,0.347
5,8/16/18 12:15,111.87,27.075,0.344
6,8/16/18 12:30,111.844,27.075,0.342
7,8/16/18 12:45,111.802,26.977,0.337
8,8/16/18 13:00,111.802,26.977,0.337
9,8/16/18 13:15,111.789,26.977,0.336
10,8/16/18 13:30,111.789,26.977,0.336
11,8/16/18 13:45,111.773,26.879,0.335
12,8/16/18 14:00,111.773,26.879,0.335
13,8/16/18 14:15,111.747,26.879,0.332
14,8/16/18 14:30,111.798,26.879,0.337
15,8/16/18 14:45,112.342,26.879,0.391
16,8/16/18 15:00,113.61,26.879,0.517
17,8/16/18 15:15,114.981,27.173,0.654
18,8/16/18 15:30,116.061,27.272,0.761
19,8/16/18 15:45,116.93,27.272,0.848
20,8/16/18 16:00,117.511,27.173,0.905
21,8/16/18 16:15,118.005,27.173,0.955
22,8/16/18 16:30,118.456,27.075,0.999
23,8/16/18 16:45,118.884,27.075,1.042
24,8/16/18 17:00,119.222,27.075,1.076
25,8/16/18 17:15,119.521,27.075,1.105
26,8/16/18 17:30,119.755,27.075,1.129
27,8/16/18 17:45,119.973,26.977,1.15
28,8/16/18 18:00,120.142,26.977,1.167
29,8/16/18 18:15,120.077,26.977,1.161
30,8/16/18 18:30,119.826,26.879,1.136
31,8/16/18 18:45,119.462,26.879,1.1
32,8/16/18 19:00,119.046,26.879,1.058
33,8/16/18 19:15,118.578,26.879,1.012
34,8/16/18 19:30,118.111,26.879,0.965
35,8/16/18 19:45,117.565,26.879,0.911
36,8/16/18 20:00,116.903,26.879,0.845
37,8/16/18 20:15,116.125,26.879,0.768
38,8/16/18 20:30,115.347,26.879,0.69
39,8/16/18 20:45,114.582,26.879,0.614
40,8/16/18 21:00,113.999,26.879,0.556
41,8/16/18 21:15,113.52,26.879,0.508
42,8/16/18 21:30,113.144,26.879,0.471
43,8/16/18 21:45,112.834,26.879,0.44
44,8/16/18 22:00,112.614,26.879,0.418
45,8/16/18 22:15,112.458,26.879,0.403
46,8/16/18 22:30,112.316,26.879,0.389
47,8/16/18 22:45,112.212,26.879,0.378
48,8/16/18 23:00,112.148,26.879,0.372
49,8/16/18 23:15,112.093,26.781,0.366
50,8/16/18 23:30,112.054,26.781,0.363
51,8/16/18 23:45,111.989,26.781,0.356
52,8/17/18 0:00,111.976,26.781,0.355
53,8/17/18 0:15,111.95,26.781,0.352
54,8/17/18 0:30,111.911,26.781,0.348
55,8/17/18 0:45,111.886,26.781,0.346
56,8/17/18 1:00,111.86,26.781,0.343
57,8/17/18 1:15,111.834,26.781,0.341
58,8/17/18 1:30,111.795,26.781,0.337
59,8/17/18 1:45,111.782,26.781,0.335
60,8/17/18 2:01,111.756,26.781,0.333
61,8/17/18 2:16,111.73,26.781,0.33
62,8/17/18 2:31,111.73,26.781,0.33
63,8/17/18 2:46,111.704,26.781,0.328
64,8/17/18 3:01,111.73,26.781,0.33
65,8/17/18 3:16,111.717,26.781,0.329
66,8/17/18 3:31,111.717,26.781,0.329
67,8/17/18 3:46,111.717,26.781,0.329
68,8/17/18 4:01,111.73,26.781,0.33
69,8/17/18 4:16,111.743,26.781,0.332
70,8/17/18 4:31,112.196,26.781,0.377
71,8/17/18 4:46,113.49,26.781,0.505
72,8/17/18 5:01,114.877,26.781,0.643
73,8/17/18 5:16,115.749,26.879,0.73
74,8/17/18 5:31,116.384,26.879,0.793
75,8/17/18 5:46,116.761,26.879,0.831
76,8/17/18 6:01,117.189,26.879,0.873
77,8/17/18 6:16,117.51,26.781,0.905
78,8/17/18 6:31,117.692,26.781,0.923
79,8/17/18 6:46,117.627,26.781,0.917
80,8/17/18 7:01,117.432,26.781,0.898
81,8/17/18 7:16,117.419,26.781,0.896
82,8/17/18 7:31,117.354,26.781,0.89
83,8/17/18 7:46,117.172,26.781,0.872
84,8/17/18 8:01,116.77,26.781,0.832
85,8/17/18 8:16,116.29,26.781,0.784
86,8/17/18 8:31,115.849,26.781,0.74
87,8/17/18 8:46,115.499,26.781,0.705
88,8/17/18 9:01,115.188,26.781,0.674
89,8/17/18 9:16,114.864,26.781,0.642
90,8/17/18 9:31,114.475,26.781,0.603
91,8/17/18 9:46,114.138,26.781,0.57
92,8/17/18 10:01,113.879,26.781,0.544
93,8/17/18 10:16,113.529,26.781,0.509
94,8/17/18 10:31,113.18,26.781,0.475
95,8/17/18 10:46,112.882,26.781,0.445
96,8/17/18 11:01,112.662,26.781,0.423
97,8/17/18 11:16,112.455,26.781,0.402
98,8/17/18 11:31,112.313,26.781,0.388
99,8/17/18 11:46,112.17,26.781,0.374
100,8/17/18 12:01,112.08,26.781,0.365
101,8/17/18 12:16,111.989,26.781,0.356
102,8/17/18 12:31,111.924,26.781,0.35
103,8/17/18 12:46,111.873,26.781,0.345
104,8/17/18 13:01,111.834,26.781,0.341
105,8/17/18 13:16,111.808,26.781,0.338
106,8/17/18 13:31,111.769,26.781,0.334
107,8/17/18 13:46,111.743,26.781,0.332
108,8/17/18 14:01,111.743,26.781,0.332
109,8/17/18 14:16,111.847,26.781,0.342
110,8/17/18 14:31,112.054,26.781,0.363
111,8/17/18 14:46,112.287,26.781,0.386
112,8/17/18 15:01,112.662,26.781,0.423
113,8/17/18 15:16,113.115,26.781,0.468
114,8/17/18 15:31,113.607,26.781,0.517
115,8/17/18 15:46,114.19,26.781,0.575
116,8/17/18 16:01,114.812,26.781,0.637
117,8/17/18 16:16,115.343,26.781,0.69
118,8/17/18 16:31,115.667,26.781,0.722
119,8/17/18 16:46,116.018,26.781,0.757
120,8/17/18 17:02,116.407,26.781,0.796
121,8/17/18 17:17,116.783,26.781,0.833
122,8/17/18 17:32,117.017,26.781,0.856
123,8/17/18 17:47,117.237,26.781,0.878
124,8/17/18 18:02,117.367,26.781,0.891
125,8/17/18 18:17,117.367,26.781,0.891
126,8/17/18 18:32,117.341,26.781,0.889
127,8/17/18 18:47,117.237,26.781,0.878
128,8/17/18 19:02,116.9,26.781,0.845
129,8/17/18 19:17,116.524,26.781,0.807
130,8/17/18 19:32,116.199,26.781,0.775
131,8/17/18 19:47,115.966,26.781,0.752
132,8/17/18 20:02,115.616,26.781,0.717
133,8/17/18 20:17,115.162,26.781,0.672
134,8/17/18 20:32,114.812,26.781,0.637
135,8/17/18 20:47,114.384,26.781,0.594
136,8/17/18 21:02,113.97,26.781,0.553
137,8/17/18 21:17,113.594,26.781,0.516
138,8/17/18 21:32,113.231,26.781,0.48
139,8/17/18 21:47,112.882,26.781,0.445
140,8/17/18 22:02,112.584,26.781,0.415
141,8/17/18 22:17,112.351,26.781,0.392
142,8/17/18 22:32,112.183,26.781,0.375
143,8/17/18 22:47,112.054,26.781,0.363
144,8/17/18 23:02,111.924,26.781,0.35
145,8/17/18 23:17,111.847,26.781,0.342
146,8/17/18 23:32,111.808,26.781,0.338
147,8/17/18 23:47,111.769,26.781,0.334
148,8/18/18 0:02,111.73,26.781,0.33
149,8/18/18 0:17,111.704,26.781,0.328
150,8/18/18 0:32,111.704,26.781,0.328
151,8/18/18 0:47,111.692,26.781,0.327
152,8/18/18 1:02,111.679,26.781,0.325
153,8/18/18 1:17,111.679,26.781,0.325
154,8/18/18 1:32,111.64,26.781,0.321
155,8/18/18 1:47,111.666,26.781,0.324
156,8/18/18 2:02,111.653,26.781,0.323
157,8/18/18 2:17,111.64,26.781,0.321
158,8/18/18 2:32,111.64,26.781,0.321
159,8/18/18 2:47,111.627,26.781,0.32
160,8/18/18 3:02,111.64,26.781,0.321
161,8/18/18 3:17,111.627,26.781,0.32
162,8/18/18 3:32,111.588,26.781,0.316
163,8/18/18 3:47,111.611,26.683,0.318
164,8/18/18 4:02,111.614,26.781,0.319
165,8/18/18 4:17,111.611,26.683,0.318
166,8/18/18 4:32,111.611,26.683,0.318
167,8/18/18 4:47,111.611,26.683,0.318
168,8/18/18 5:02,111.611,26.683,0.318
169,8/18/18 5:17,111.598,26.683,0.317
170,8/18/18 5:32,111.649,26.683,0.322
171,8/18/18 5:47,112.05,26.683,0.362
172,8/18/18 6:02,113.008,26.683,0.457
173,8/18/18 6:17,113.957,26.781,0.552
174,8/18/18 6:32,114.864,26.781,0.642
175,8/18/18 6:47,115.512,26.781,0.707
176,8/18/18 7:02,115.992,26.781,0.754
177,8/18/18 7:17,116.329,26.781,0.788
178,8/18/18 7:32,116.653,26.781,0.82
179,8/18/18 7:47,116.926,26.781,0.847
180,8/18/18 8:03,117.03,26.781,0.858
181,8/18/18 8:18,117.146,26.781,0.869
182,8/18/18 8:33,117.185,26.781,0.873
183,8/18/18 8:48,117.302,26.781,0.885
184,8/18/18 9:03,117.406,26.781,0.895
185,8/18/18 9:18,117.445,26.781,0.899
186,8/18/18 9:33,117.198,26.781,0.874
187,8/18/18 9:48,117.107,26.781,0.865
188,8/18/18 10:03,117.328,26.781,0.887
189,8/18/18 10:18,117.146,26.781,0.869
190,8/18/18 10:33,116.549,26.781,0.81
191,8/18/18 10:48,116.212,26.781,0.776
192,8/18/18 11:03,115.823,26.781,0.737
193,8/18/18 11:18,115.343,26.781,0.69
194,8/18/18 11:33,114.864,26.781,0.642
195,8/18/18 11:48,114.488,26.781,0.605
196,8/18/18 12:03,114.306,26.781,0.587
197,8/18/18 12:18,114.643,26.781,0.62
198,8/18/18 12:33,114.903,26.781,0.646
199,8/18/18 12:48,114.384,26.781,0.594
200,8/18/18 13:03,113.866,26.781,0.543
201,8/18/18 13:18,113.426,26.781,0.499
202,8/18/18 13:33,112.998,26.781,0.456
203,8/18/18 13:48,112.61,26.781,0.418
204,8/18/18 14:03,112.313,26.781,0.388
205,8/18/18 14:18,112.093,26.781,0.366
206,8/18/18 14:33,111.924,26.781,0.35
207,8/18/18 14:48,111.95,26.781,0.352
208,8/18/18 15:03,112.067,26.781,0.364
209,8/18/18 15:18,112.248,26.781,0.382
210,8/18/18 15:33,112.325,26.781,0.389
211,8/18/18 15:48,112.507,26.781,0.408
212,8/18/18 16:03,112.52,26.781,0.409
213,8/18/18 16:18,112.3,26.781,0.387
214,8/18/18 16:33,112.351,26.781,0.392
215,8/18/18 16:48,112.882,26.781,0.445
216,8/18/18 17:03,113.762,26.781,0.532
217,8/18/18 17:18,113.84,26.781,0.54
218,8/18/18 17:33,113.439,26.781,0.5
219,8/18/18 17:48,113.335,26.781,0.49
220,8/18/18 18:03,113.827,26.781,0.539
221,8/18/18 18:18,114.592,26.781,0.615
222,8/18/18 18:33,114.747,26.781,0.63
223,8/18/18 18:48,114.877,26.781,0.643
224,8/18/18 19:03,115.019,26.781,0.658
225,8/18/18 19:18,115.006,26.781,0.656
226,8/18/18 19:33,114.799,26.781,0.636
227,8/18/18 19:48,114.514,26.781,0.607
228,8/18/18 20:03,114.177,26.781,0.574
229,8/18/18 20:18,113.905,26.781,0.547
230,8/18/18 20:33,113.62,26.781,0.518
231,8/18/18 20:48,113.827,26.781,0.539
232,8/18/18 21:03,114.229,26.781,0.579
233,8/18/18 21:18,113.957,26.781,0.552
234,8/18/18 21:33,113.555,26.781,0.512
235,8/18/18 21:48,113.296,26.781,0.486
236,8/18/18 22:03,113.05,26.781,0.462
237,8/18/18 22:18,112.753,26.781,0.432
238,8/18/18 22:33,112.468,26.781,0.404
239,8/18/18 22:48,112.235,26.781,0.381
240,8/18/18 23:04,112.015,26.781,0.359
241,8/18/18 23:19,111.886,26.781,0.346
242,8/18/18 23:34,111.769,26.781,0.334
243,8/18/18 23:49,111.666,26.781,0.324
244,8/19/18 0:04,111.601,26.781,0.317
245,8/19/18 0:19,111.536,26.781,0.311
246,8/19/18 0:34,111.51,26.781,0.308
247,8/19/18 0:49,111.485,26.781,0.306
248,8/19/18 1:04,111.446,26.781,0.302
249,8/19/18 1:19,111.42,26.781,0.299
250,8/19/18 1:34,111.394,26.781,0.297
251,8/19/18 1:49,111.394,26.781,0.297
252,8/19/18 2:04,111.368,26.781,0.294
253,8/19/18 2:19,111.342,26.781,0.292
254,8/19/18 2:34,111.329,26.781,0.29
255,8/19/18 2:49,111.317,26.781,0.289
256,8/19/18 3:04,111.291,26.781,0.287
257,8/19/18 3:19,111.291,26.781,0.287
258,8/19/18 3:34,111.291,26.781,0.287
259,8/19/18 3:49,111.291,26.781,0.287
260,8/19/18 4:04,111.291,26.781,0.287
261,8/19/18 4:19,111.304,26.781,0.288
262,8/19/18 4:34,111.304,26.781,0.288
263,8/19/18 4:49,111.317,26.781,0.289
264,8/19/18 5:04,111.304,26.781,0.288
265,8/19/18 5:19,111.3,26.683,0.288
266,8/19/18 5:34,111.326,26.683,0.29
267,8/19/18 5:49,111.326,26.683,0.29
268,8/19/18 6:04,111.339,26.683,0.291
269,8/19/18 6:19,111.378,26.683,0.295
270,8/19/18 6:34,111.365,26.683,0.294
271,8/19/18 6:49,111.378,26.683,0.295
272,8/19/18 7:04,111.533,26.683,0.311
273,8/19/18 7:19,112.309,26.683,0.388
274,8/19/18 7:34,113.448,26.683,0.501
275,8/19/18 7:49,114.436,26.781,0.6
276,8/19/18 8:04,115.097,26.781,0.665
277,8/19/18 8:19,115.473,26.781,0.703
278,8/19/18 8:34,115.927,26.781,0.748
279,8/19/18 8:49,116.42,26.781,0.797
280,8/19/18 9:04,116.861,26.781,0.841
281,8/19/18 9:19,117.237,26.781,0.878
282,8/19/18 9:34,117.636,26.683,0.918
283,8/19/18 9:49,117.974,26.683,0.951
284,8/19/18 10:04,118.195,26.683,0.973
285,8/19/18 10:19,118.285,26.683,0.982
286,8/19/18 10:34,118.272,26.683,0.981
287,8/19/18 10:49,118.13,26.683,0.967
288,8/19/18 11:04,117.961,26.683,0.95
289,8/19/18 11:19,117.821,26.781,0.936
290,8/19/18 11:34,117.731,26.781,0.927
291,8/19/18 11:49,117.649,26.683,0.919
292,8/19/18 12:04,117.377,26.683,0.892
293,8/19/18 12:19,117.013,26.683,0.856
294,8/19/18 12:34,116.536,26.781,0.808
295,8/19/18 12:49,116.118,26.683,0.767
296,8/19/18 13:04,115.833,26.683,0.738
297,8/19/18 13:19,115.525,26.781,0.708
298,8/19/18 13:34,115.249,26.683,0.68
299,8/19/18 13:49,114.838,26.781,0.639
300,8/19/18 14:05,114.488,26.781,0.605
301,8/19/18 14:20,114.044,26.683,0.561
302,8/19/18 14:35,113.668,26.683,0.523
303,8/19/18 14:50,113.28,26.683,0.485
304,8/19/18 15:05,112.93,26.683,0.45
305,8/19/18 15:20,112.594,26.683,0.416
306,8/19/18 15:35,112.322,26.683,0.389
307,8/19/18 15:50,112.063,26.683,0.363
308,8/19/18 16:05,111.895,26.683,0.347
309,8/19/18 16:20,111.921,26.683,0.349
310,8/19/18 16:35,111.856,26.683,0.343
311,8/19/18 16:50,111.714,26.683,0.329
312,8/19/18 17:05,111.598,26.683,0.317
313,8/19/18 17:20,111.546,26.683,0.312
314,8/19/18 17:35,111.585,26.683,0.316
315,8/19/18 17:50,111.74,26.683,0.331
316,8/19/18 18:05,112.05,26.683,0.362
317,8/19/18 18:20,112.451,26.683,0.402
318,8/19/18 18:35,112.71,26.683,0.428
319,8/19/18 18:50,112.71,26.683,0.428
320,8/19/18 19:05,112.671,26.683,0.424
321,8/19/18 19:20,112.594,26.683,0.416
322,8/19/18 19:35,112.594,26.683,0.416
323,8/19/18 19:50,112.892,26.683,0.446
324,8/19/18 20:05,113.358,26.683,0.492
325,8/19/18 20:20,113.889,26.683,0.545
326,8/19/18 20:35,114.225,26.683,0.579
327,8/19/18 20:50,114.368,26.683,0.593
328,8/19/18 21:05,114.29,26.683,0.585
329,8/19/18 21:20,114.186,26.683,0.575
330,8/19/18 21:35,114.044,26.683,0.561
331,8/19/18 21:50,114.057,26.683,0.562
332,8/19/18 22:05,114.109,26.683,0.567
333,8/19/18 22:20,114.018,26.683,0.558
334,8/19/18 22:35,113.979,26.683,0.554
335,8/19/18 22:50,113.72,26.683,0.528
336,8/19/18 23:05,113.319,26.683,0.488
337,8/19/18 23:20,112.956,26.683,0.452
338,8/19/18 23:35,112.671,26.683,0.424
339,8/19/18 23:50,112.4,26.683,0.397
340,8/20/18 0:05,112.18,26.683,0.375
341,8/20/18 0:20,111.973,26.683,0.354
342,8/20/18 0:35,111.818,26.683,0.339
343,8/20/18 0:50,111.688,26.683,0.326
344,8/20/18 1:05,111.611,26.683,0.318
345,8/20/18 1:20,111.507,26.683,0.308
346,8/20/18 1:35,111.43,26.683,0.3
347,8/20/18 1:50,111.378,26.683,0.295
348,8/20/18 2:05,111.365,26.683,0.294
349,8/20/18 2:20,111.352,26.683,0.293
350,8/20/18 2:35,111.326,26.683,0.29
351,8/20/18 2:50,111.3,26.683,0.288
352,8/20/18 3:05,111.313,26.683,0.289
353,8/20/18 3:20,111.313,26.683,0.289
354,8/20/18 3:35,111.3,26.683,0.288
355,8/20/18 3:50,111.287,26.683,0.286
356,8/20/18 4:05,111.3,26.683,0.288
357,8/20/18 4:20,111.3,26.683,0.288
358,8/20/18 4:35,111.287,26.683,0.286
359,8/20/18 4:50,111.287,26.683,0.286
360,8/20/18 5:06,111.287,26.683,0.286
361,8/20/18 5:21,111.261,26.683,0.284
362,8/20/18 5:36,111.261,26.683,0.284
363,8/20/18 5:51,111.261,26.683,0.284
364,8/20/18 6:06,111.313,26.683,0.289
365,8/20/18 6:21,111.3,26.683,0.288
366,8/20/18 6:36,111.339,26.683,0.291
367,8/20/18 6:51,111.378,26.683,0.295
368,8/20/18 7:06,111.365,26.683,0.294
369,8/20/18 7:21,111.352,26.683,0.293
370,8/20/18 7:36,111.378,26.683,0.295
371,8/20/18 7:51,111.365,26.683,0.294
372,8/20/18 8:06,111.378,26.683,0.295
373,8/20/18 8:21,111.585,26.683,0.316
374,8/20/18 8:36,112.917,26.683,0.448
375,8/20/18 8:51,114.575,26.683,0.613
376,8/20/18 9:06,115.768,26.683,0.732
377,8/20/18 9:21,116.455,26.683,0.8
378,8/20/18 9:36,117.052,26.683,0.86
379,8/20/18 9:51,117.532,26.683,0.908
380,8/20/18 10:06,118,26.683,0.954
381,8/20/18 10:21,118.363,26.683,0.99
382,8/20/18 10:36,118.74,26.683,1.028
383,8/20/18 10:51,119.117,26.683,1.065
384,8/20/18 11:06,119.598,26.683,1.113
385,8/20/18 11:21,120.053,26.683,1.158
386,8/20/18 11:36,120.378,26.683,1.191
387,8/20/18 11:51,120.482,26.683,1.201
388,8/20/18 12:06,120.274,26.683,1.18
389,8/20/18 12:21,119.962,26.683,1.149
390,8/20/18 12:36,119.624,26.683,1.116
391,8/20/18 12:51,119.247,26.683,1.078
392,8/20/18 13:06,118.818,26.683,1.035
393,8/20/18 13:21,118.48,26.683,1.002
394,8/20/18 13:36,118.169,26.683,0.971
395,8/20/18 13:51,117.818,26.683,0.936
396,8/20/18 14:06,117.312,26.683,0.886
397,8/20/18 14:21,116.702,26.683,0.825
398,8/20/18 14:36,116.014,26.683,0.756
399,8/20/18 14:51,115.314,26.683,0.687
400,8/20/18 15:06,114.64,26.683,0.62
401,8/20/18 15:21,114.122,26.683,0.568
402,8/20/18 15:36,113.707,26.683,0.527
403,8/20/18 15:51,113.332,26.683,0.49
404,8/20/18 16:06,112.969,26.683,0.454
405,8/20/18 16:21,112.633,26.683,0.42
406,8/20/18 16:36,112.296,26.683,0.387
407,8/20/18 16:51,112.05,26.683,0.362
408,8/20/18 17:06,111.843,26.683,0.342
409,8/20/18 17:21,111.727,26.683,0.33
410,8/20/18 17:36,111.598,26.683,0.317
411,8/20/18 17:51,111.533,26.683,0.311
412,8/20/18 18:06,111.455,26.683,0.303
413,8/20/18 18:21,111.404,26.683,0.298
414,8/20/18 18:36,111.391,26.683,0.297
415,8/20/18 18:51,111.378,26.683,0.295
416,8/20/18 19:06,111.378,26.683,0.295
417,8/20/18 19:21,111.455,26.683,0.303
418,8/20/18 19:36,111.701,26.683,0.327
419,8/20/18 19:51,112.063,26.683,0.363
420,8/20/18 20:07,112.348,26.683,0.392
421,8/20/18 20:22,112.594,26.683,0.416
422,8/20/18 20:37,113.034,26.683,0.46
423,8/20/18 20:52,113.409,26.683,0.497
424,8/20/18 21:07,113.539,26.683,0.51
425,8/20/18 21:22,113.655,26.683,0.522
426,8/20/18 21:37,114.303,26.683,0.586
427,8/20/18 21:52,115.042,26.683,0.66
428,8/20/18 22:07,115.392,26.683,0.695
429,8/20/18 22:22,115.392,26.683,0.695
430,8/20/18 22:37,115.677,26.683,0.723
431,8/20/18 22:52,115.418,26.683,0.697
432,8/20/18 23:07,114.446,26.683,0.601
433,8/20/18 23:22,113.617,26.683,0.518
434,8/20/18 23:37,113.617,26.683,0.518
435,8/20/18 23:52,113.798,26.683,0.536
436,8/21/18 0:07,113.435,26.683,0.5
437,8/21/18 0:22,113.112,26.683,0.468
438,8/21/18 0:37,112.866,26.683,0.443
439,8/21/18 0:52,112.542,26.683,0.411
440,8/21/18 1:07,112.451,26.683,0.402
441,8/21/18 1:22,112.413,26.683,0.398
442,8/21/18 1:37,112.206,26.683,0.378
443,8/21/18 1:52,112.012,26.683,0.358
444,8/21/18 2:07,111.83,26.683,0.34
445,8/21/18 2:22,111.701,26.683,0.327
446,8/21/18 2:37,111.624,26.683,0.32
447,8/21/18 2:52,111.572,26.683,0.315
448,8/21/18 3:07,111.546,26.683,0.312
449,8/21/18 3:22,111.507,26.683,0.308
450,8/21/18 3:37,111.455,26.683,0.303
451,8/21/18 3:52,111.43,26.683,0.3
452,8/21/18 4:07,111.43,26.683,0.3
453,8/21/18 4:22,111.442,26.683,0.302
454,8/21/18 4:37,111.442,26.683,0.302
455,8/21/18 4:52,111.442,26.683,0.302
456,8/21/18 5:07,111.442,26.683,0.302
457,8/21/18 5:22,111.442,26.683,0.302
458,8/21/18 5:37,111.442,26.683,0.302
459,8/21/18 5:52,111.442,26.683,0.302
460,8/21/18 6:07,111.468,26.683,0.304
461,8/21/18 6:22,111.481,26.683,0.306
462,8/21/18 6:37,111.507,26.683,0.308
463,8/21/18 6:52,111.52,26.683,0.309
464,8/21/18 7:07,111.52,26.683,0.309
465,8/21/18 7:22,111.52,26.683,0.309
466,8/21/18 7:37,111.546,26.683,0.312
467,8/21/18 7:52,111.559,26.683,0.313
468,8/21/18 8:07,111.546,26.683,0.312
469,8/21/18 8:22,111.546,26.683,0.312
470,8/21/18 8:37,111.546,26.683,0.312
471,8/21/18 8:52,111.53,26.585,0.31
472,8/21/18 9:07,111.568,26.585,0.314
473,8/21/18 9:22,112.694,26.585,0.426
474,8/21/18 9:37,114.922,26.585,0.648
475,8/21/18 9:52,116.403,26.683,0.795
476,8/21/18 10:07,117.286,26.683,0.883
477,8/21/18 10:22,117.948,26.683,0.949
478,8/21/18 10:37,118.451,26.585,0.999
479,8/21/18 10:52,118.961,26.683,1.05
480,8/21/18 11:08,119.468,26.683,1.1
481,8/21/18 11:23,120.027,26.683,1.156
482,8/21/18 11:38,120.664,26.683,1.219
483,8/21/18 11:53,121.276,26.683,1.28
484,8/21/18 12:08,121.78,26.585,1.33
485,8/21/18 12:23,122.096,26.683,1.362
486,8/21/18 12:38,122.161,26.683,1.368
487,8/21/18 12:53,121.966,26.683,1.349
488,8/21/18 13:08,121.627,26.683,1.315
489,8/21/18 13:23,121.237,26.683,1.276
490,8/21/18 13:38,120.794,26.683,1.232
491,8/21/18 13:53,120.313,26.683,1.184
492,8/21/18 14:08,119.793,26.683,1.132
493,8/21/18 14:23,119.247,26.683,1.078
494,8/21/18 14:38,118.792,26.683,1.033
495,8/21/18 14:53,118.311,26.683,0.985
496,8/21/18 15:08,117.766,26.683,0.931
497,8/21/18 15:23,117.156,26.683,0.87
498,8/21/18 15:38,116.416,26.683,0.796
499,8/21/18 15:53,115.612,26.683,0.717
500,8/21/18 16:08,114.795,26.683,0.635
501,8/21/18 16:23,114.096,26.683,0.566
502,8/21/18 16:38,113.5,26.683,0.506
503,8/21/18 16:53,113.047,26.683,0.461
504,8/21/18 17:08,112.684,26.683,0.425
505,8/21/18 17:23,112.4,26.683,0.397
506,8/21/18 17:38,112.193,26.683,0.376
507,8/21/18 17:53,112.037,26.683,0.361
508,8/21/18 18:08,111.921,26.683,0.349
509,8/21/18 18:23,111.83,26.683,0.34
510,8/21/18 18:38,111.766,26.683,0.334
511,8/21/18 18:53,111.74,26.683,0.331
512,8/21/18 19:08,111.701,26.683,0.327
513,8/21/18 19:23,111.688,26.683,0.326
514,8/21/18 19:38,111.659,26.585,0.323
515,8/21/18 19:53,111.659,26.585,0.323
516,8/21/18 20:08,111.659,26.585,0.323
517,8/21/18 20:23,111.646,26.585,0.322
518,8/21/18 20:38,111.75,26.585,0.332
519,8/21/18 20:53,112.047,26.585,0.362
520,8/21/18 21:08,112.655,26.585,0.422
521,8/21/18 21:23,113.393,26.585,0.496
522,8/21/18 21:38,114.028,26.585,0.559
523,8/21/18 21:53,114.611,26.585,0.617
524,8/21/18 22:08,115.297,26.585,0.685
525,8/21/18 22:23,115.868,26.585,0.742
526,8/21/18 22:38,116.218,26.585,0.777
527,8/21/18 22:53,116.166,26.585,0.772
528,8/21/18 23:08,116.127,26.585,0.768
529,8/21/18 23:23,115.985,26.585,0.754
530,8/21/18 23:38,115.972,26.585,0.752
531,8/21/18 23:53,115.738,26.585,0.729
532,8/22/18 0:08,115.622,26.585,0.717
533,8/22/18 0:23,115.803,26.585,0.736
534,8/22/18 0:38,115.557,26.585,0.711
535,8/22/18 0:53,114.973,26.585,0.653
536,8/22/18 1:08,114.338,26.585,0.59
537,8/22/18 1:23,113.756,26.585,0.532
538,8/22/18 1:38,113.302,26.585,0.487
539,8/22/18 1:53,112.927,26.585,0.449
540,8/22/18 2:09,112.603,26.585,0.417
541,8/22/18 2:24,112.293,26.585,0.386
542,8/22/18 2:39,112.099,26.585,0.367
543,8/22/18 2:54,111.944,26.585,0.352
544,8/22/18 3:09,111.853,26.585,0.343
545,8/22/18 3:24,111.762,26.585,0.333
546,8/22/18 3:39,111.685,26.585,0.326
547,8/22/18 3:54,111.646,26.585,0.322
548,8/22/18 4:09,111.62,26.585,0.319
549,8/22/18 4:24,111.607,26.585,0.318
550,8/22/18 4:39,111.607,26.585,0.318
551,8/22/18 4:54,111.594,26.585,0.317
552,8/22/18 5:09,111.594,26.585,0.317
553,8/22/18 5:24,111.594,26.585,0.317
554,8/22/18 5:39,111.594,26.585,0.317
555,8/22/18 5:54,111.62,26.585,0.319
556,8/22/18 6:09,111.62,26.585,0.319
557,8/22/18 6:24,111.646,26.585,0.322
558,8/22/18 6:39,111.659,26.585,0.323
559,8/22/18 6:54,111.685,26.585,0.326
560,8/22/18 7:09,111.698,26.585,0.327
561,8/22/18 7:24,111.711,26.585,0.328
562,8/22/18 7:39,111.711,26.585,0.328
563,8/22/18 7:54,111.724,26.585,0.33
564,8/22/18 8:09,111.711,26.585,0.328
565,8/22/18 8:24,111.724,26.585,0.33
566,8/22/18 8:39,111.724,26.585,0.33
567,8/22/18 8:54,111.737,26.585,0.331
568,8/22/18 9:09,111.724,26.585,0.33
569,8/22/18 9:24,111.737,26.585,0.331
570,8/22/18 9:39,111.75,26.585,0.332
571,8/22/18 9:54,112.37,26.585,0.394
572,8/22/18 10:09,114.973,26.585,0.653
573,8/22/18 10:24,116.841,26.585,0.839
574,8/22/18 10:39,117.84,26.585,0.938
575,8/22/18 10:54,118.581,26.585,1.012
576,8/22/18 11:09,119.256,26.585,1.079
577,8/22/18 11:24,119.971,26.585,1.15
578,8/22/18 11:39,120.817,26.585,1.234
579,8/22/18 11:54,121.61,26.585,1.313
580,8/22/18 12:09,122.327,26.585,1.385
581,8/22/18 12:24,122.887,26.585,1.44
582,8/22/18 12:39,123.251,26.585,1.476
583,8/22/18 12:54,123.512,26.585,1.502
584,8/22/18 13:09,123.512,26.585,1.502
585,8/22/18 13:24,123.316,26.585,1.483
586,8/22/18 13:39,122.874,26.585,1.439
587,8/22/18 13:54,122.366,26.585,1.388
588,8/22/18 14:09,121.858,26.585,1.338
589,8/22/18 14:24,121.285,26.585,1.281
590,8/22/18 14:39,120.687,26.585,1.221
591,8/22/18 14:54,120.075,26.585,1.161
592,8/22/18 15:09,119.464,26.585,1.1
593,8/22/18 15:24,118.815,26.585,1.035
594,8/22/18 15:39,118.165,26.585,0.97
595,8/22/18 15:54,117.451,26.585,0.899
596,8/22/18 16:09,116.659,26.585,0.821
597,8/22/18 16:24,115.777,26.585,0.733
598,8/22/18 16:39,114.96,26.585,0.652
599,8/22/18 16:54,114.222,26.585,0.578
600,8/22/18 17:10,113.613,26.585,0.518
601,8/22/18 17:25,113.121,26.585,0.469
602,8/22/18 17:40,112.759,26.585,0.433
603,8/22/18 17:55,112.513,26.585,0.408
604,8/22/18 18:10,112.306,26.585,0.388
605,8/22/18 18:25,112.151,26.585,0.372
606,8/22/18 18:40,112.034,26.585,0.361
607,8/22/18 18:55,111.956,26.585,0.353
608,8/22/18 19:10,111.879,26.585,0.345
609,8/22/18 19:25,111.853,26.585,0.343
610,8/22/18 19:40,111.827,26.585,0.34
611,8/22/18 19:55,111.788,26.585,0.336
612,8/22/18 20:10,111.788,26.585,0.336
613,8/22/18 20:25,111.775,26.585,0.335
614,8/22/18 20:40,111.762,26.585,0.333
615,8/22/18 20:55,111.762,26.585,0.333
616,8/22/18 21:10,111.75,26.585,0.332
617,8/22/18 21:25,111.814,26.585,0.339
618,8/22/18 21:40,112.28,26.585,0.385
619,8/22/18 21:55,113.212,26.585,0.478
620,8/22/18 22:10,114.338,26.585,0.59
621,8/22/18 22:25,115.323,26.585,0.688
622,8/22/18 22:40,116.088,26.585,0.764
623,8/22/18 22:55,116.646,26.585,0.819
624,8/22/18 23:10,117.139,26.585,0.868
625,8/22/18 23:25,117.542,26.585,0.909
626,8/22/18 23:40,117.749,26.585,0.929
627,8/22/18 23:55,117.879,26.585,0.942
628,8/23/18 0:10,117.905,26.585,0.945
629,8/23/18 0:25,117.814,26.585,0.936
630,8/23/18 0:40,117.659,26.585,0.92
631,8/23/18 0:55,117.36,26.585,0.89
632,8/23/18 1:10,116.893,26.585,0.844
633,8/23/18 1:25,116.335,26.585,0.788
634,8/23/18 1:40,115.803,26.585,0.736
635,8/23/18 1:55,115.272,26.585,0.683
636,8/23/18 2:10,114.766,26.585,0.632
637,8/23/18 2:25,114.248,26.585,0.581
638,8/23/18 2:40,113.678,26.585,0.524
639,8/23/18 2:55,113.16,26.585,0.473
640,8/23/18 3:10,112.72,26.585,0.429
641,8/23/18 3:25,112.383,26.585,0.395
642,8/23/18 3:40,112.138,26.585,0.371
643,8/23/18 3:55,111.982,26.585,0.355
644,8/23/18 4:10,111.866,26.585,0.344
645,8/23/18 4:25,111.801,26.585,0.337
646,8/23/18 4:40,111.762,26.585,0.333
647,8/23/18 4:55,111.737,26.585,0.331
648,8/23/18 5:10,111.724,26.585,0.33
649,8/23/18 5:25,111.711,26.585,0.328
650,8/23/18 5:40,111.724,26.585,0.33
651,8/23/18 5:55,111.737,26.585,0.331
652,8/23/18 6:10,111.75,26.585,0.332
653,8/23/18 6:25,111.75,26.585,0.332
654,8/23/18 6:40,111.762,26.585,0.333
655,8/23/18 6:55,111.762,26.585,0.333
656,8/23/18 7:10,111.762,26.585,0.333
657,8/23/18 7:25,111.762,26.585,0.333
658,8/23/18 7:40,111.762,26.585,0.333
659,8/23/18 7:55,111.775,26.585,0.335
660,8/23/18 8:11,111.775,26.585,0.335
661,8/23/18 8:26,111.775,26.585,0.335
662,8/23/18 8:41,111.775,26.585,0.335
663,8/23/18 8:56,111.775,26.585,0.335
664,8/23/18 9:11,111.788,26.585,0.336
665,8/23/18 9:26,111.801,26.585,0.337
666,8/23/18 9:41,111.801,26.585,0.337
667,8/23/18 9:56,111.801,26.585,0.337
668,8/23/18 10:11,111.788,26.585,0.336
669,8/23/18 10:26,112.241,26.585,0.381
670,8/23/18 10:41,115.349,26.585,0.69
671,8/23/18 10:56,117.269,26.585,0.881
672,8/23/18 11:11,118.243,26.585,0.978
673,8/23/18 11:26,119.009,26.585,1.054
674,8/23/18 11:41,119.75,26.585,1.128
675,8/23/18 11:56,120.687,26.585,1.221
676,8/23/18 12:11,121.663,26.585,1.318
677,8/23/18 12:26,122.652,26.585,1.417
678,8/23/18 12:41,123.486,26.585,1.5
679,8/23/18 12:56,124.151,26.585,1.566
680,8/23/18 13:11,124.633,26.585,1.614
681,8/23/18 13:26,124.859,26.683,1.636
682,8/23/18 13:41,124.728,26.683,1.623
683,8/23/18 13:56,124.22,26.683,1.573
684,8/23/18 14:11,123.529,26.683,1.504
685,8/23/18 14:26,122.786,26.683,1.43
686,8/23/18 14:41,122.07,26.683,1.359
687,8/23/18 14:56,121.406,26.683,1.293
688,8/23/18 15:11,120.794,26.683,1.232
689,8/23/18 15:26,120.157,26.683,1.169
690,8/23/18 15:41,119.572,26.683,1.11
691,8/23/18 15:56,118.961,26.683,1.05
692,8/23/18 16:11,118.35,26.683,0.989
693,8/23/18 16:26,117.649,26.683,0.919
694,8/23/18 16:41,116.922,26.683,0.847
695,8/23/18 16:56,116.092,26.683,0.764
696,8/23/18 17:11,115.21,26.683,0.677
697,8/23/18 17:26,114.407,26.683,0.597
698,8/23/18 17:41,113.733,26.683,0.53
699,8/23/18 17:56,113.228,26.683,0.479
700,8/23/18 18:11,112.814,26.683,0.438
701,8/23/18 18:26,112.503,26.683,0.407
702,8/23/18 18:41,112.296,26.683,0.387
703,8/23/18 18:56,112.154,26.683,0.372
704,8/23/18 19:11,112.025,26.683,0.36
705,8/23/18 19:26,111.934,26.683,0.351
706,8/23/18 19:41,111.856,26.683,0.343
707,8/23/18 19:56,111.805,26.683,0.338
708,8/23/18 20:11,111.779,26.683,0.335
709,8/23/18 20:26,111.727,26.683,0.33
710,8/23/18 20:41,111.701,26.683,0.327
711,8/23/18 20:56,111.662,26.683,0.324
712,8/23/18 21:11,111.649,26.683,0.322
713,8/23/18 21:26,111.662,26.683,0.324
714,8/23/18 21:41,111.636,26.683,0.321
715,8/23/18 21:56,111.662,26.683,0.324
716,8/23/18 22:11,112.167,26.683,0.374
717,8/23/18 22:26,113.668,26.683,0.523
718,8/23/18 22:41,115.249,26.683,0.68
719,8/23/18 22:56,116.131,26.683,0.768
720,8/23/18 23:12,116.767,26.683,0.831
721,8/23/18 23:27,117.325,26.683,0.887
722,8/23/18 23:42,117.792,26.683,0.933
723,8/23/18 23:57,118.156,26.683,0.97
724,8/24/18 0:12,118.402,26.683,0.994
725,8/24/18 0:27,118.597,26.683,1.013
726,8/24/18 0:42,118.766,26.683,1.03
727,8/24/18 0:57,118.753,26.683,1.029
728,8/24/18 1:12,118.61,26.683,1.015
729,8/24/18 1:27,118.441,26.683,0.998
730,8/24/18 1:42,118.091,26.683,0.963
731,8/24/18 1:57,117.61,26.683,0.915
732,8/24/18 2:12,116.974,26.683,0.852
733,8/24/18 2:27,116.17,26.683,0.772
734,8/24/18 2:42,115.327,26.683,0.688
735,8/24/18 2:57,114.497,26.683,0.606
736,8/24/18 3:12,113.798,26.683,0.536
737,8/24/18 3:27,113.254,26.683,0.482
738,8/24/18 3:42,112.788,26.683,0.436
739,8/24/18 3:57,112.426,26.683,0.4
740,8/24/18 4:12,112.167,26.683,0.374
741,8/24/18 4:27,111.986,26.683,0.356
742,8/24/18 4:42,111.843,26.683,0.342
743,8/24/18 4:57,111.766,26.683,0.334
744,8/24/18 5:12,111.727,26.683,0.33
745,8/24/18 5:27,111.688,26.683,0.326
746,8/24/18 5:42,111.649,26.683,0.322
747,8/24/18 5:57,111.611,26.683,0.318
748,8/24/18 6:12,111.611,26.683,0.318
749,8/24/18 6:27,111.585,26.683,0.316
750,8/24/18 6:42,111.585,26.683,0.316
751,8/24/18 6:57,111.572,26.683,0.315
752,8/24/18 7:12,111.585,26.683,0.316
753,8/24/18 7:27,111.585,26.683,0.316
754,8/24/18 7:42,111.598,26.683,0.317
755,8/24/18 7:57,111.559,26.683,0.313
756,8/24/18 8:12,111.585,26.683,0.316
757,8/24/18 8:27,111.598,26.683,0.317
758,8/24/18 8:42,111.598,26.683,0.317
759,8/24/18 8:57,111.585,26.683,0.316
760,8/24/18 9:12,111.585,26.683,0.316
761,8/24/18 9:27,111.585,26.683,0.316
762,8/24/18 9:42,111.598,26.683,0.317
763,8/24/18 9:57,111.598,26.683,0.317
764,8/24/18 10:12,111.585,26.683,0.316
765,8/24/18 10:27,111.572,26.683,0.315
766,8/24/18 10:42,111.559,26.683,0.313
767,8/24/18 10:57,113.163,26.683,0.473
768,8/24/18 11:12,116.325,26.683,0.787
769,8/24/18 11:27,117.727,26.683,0.927
770,8/24/18 11:42,118.636,26.683,1.017
771,8/24/18 11:57,119.429,26.683,1.096
772,8/24/18 12:12,120.417,26.683,1.195
773,8/24/18 12:27,121.536,26.683,1.306
774,8/24/18 12:42,122.656,26.683,1.417
775,8/24/18 12:57,123.594,26.683,1.511
776,8/24/18 13:12,124.363,26.683,1.587
777,8/24/18 13:27,124.911,26.683,1.642
778,8/24/18 13:42,125.132,26.683,1.664
779,8/24/18 13:57,125.041,26.683,1.655
780,8/24/18 14:13,124.598,26.683,1.61
781,8/24/18 14:28,123.92,26.683,1.543
782,8/24/18 14:43,123.229,26.683,1.474
783,8/24/18 14:58,122.486,26.683,1.4
784,8/24/18 15:13,121.835,26.683,1.336
785,8/24/18 15:28,121.146,26.683,1.267
786,8/24/18 15:43,120.482,26.683,1.201
787,8/24/18 15:58,119.793,26.683,1.132
788,8/24/18 16:13,119.156,26.683,1.069
789,8/24/18 16:28,118.493,26.683,1.003
790,8/24/18 16:43,117.831,26.683,0.937
791,8/24/18 16:58,117.104,26.683,0.865
792,8/24/18 17:13,116.277,26.781,0.783
793,8/24/18 17:28,115.392,26.683,0.695
794,8/24/18 17:43,114.549,26.683,0.611
795,8/24/18 17:58,113.837,26.683,0.54
796,8/24/18 18:13,113.257,26.781,0.482
797,8/24/18 18:28,112.788,26.683,0.436
798,8/24/18 18:43,112.426,26.683,0.4
799,8/24/18 18:58,112.154,26.683,0.372
800,8/24/18 19:13,111.986,26.683,0.356
801,8/24/18 19:28,111.856,26.683,0.343
802,8/24/18 19:43,111.766,26.683,0.334
803,8/24/18 19:58,111.688,26.683,0.326
804,8/24/18 20:13,111.636,26.683,0.321
805,8/24/18 20:28,111.598,26.683,0.317
806,8/24/18 20:43,111.559,26.683,0.313
807,8/24/18 20:58,111.533,26.683,0.311
808,8/24/18 21:13,111.52,26.683,0.309
809,8/24/18 21:28,111.494,26.683,0.307
810,8/24/18 21:43,111.481,26.683,0.306
811,8/24/18 21:58,111.481,26.683,0.306
812,8/24/18 22:13,111.468,26.683,0.304
813,8/24/18 22:28,111.533,26.683,0.311
814,8/24/18 22:43,112.464,26.683,0.403
815,8/24/18 22:58,114.303,26.683,0.586
816,8/24/18 23:13,115.716,26.683,0.727
817,8/24/18 23:28,116.598,26.683,0.815
818,8/24/18 23:43,117.286,26.683,0.883
819,8/24/18 23:58,117.896,26.683,0.944
820,8/25/18 0:13,118.376,26.683,0.991
821,8/25/18 0:28,118.779,26.683,1.032
822,8/25/18 0:43,119.156,26.683,1.069
823,8/25/18 0:58,119.507,26.683,1.104
824,8/25/18 1:13,119.767,26.683,1.13
825,8/25/18 1:28,119.845,26.683,1.138
826,8/25/18 1:43,119.757,26.781,1.129
827,8/25/18 1:58,119.481,26.683,1.101
828,8/25/18 2:13,119.095,26.781,1.063
829,8/25/18 2:28,118.601,26.781,1.014
830,8/25/18 2:43,118.016,26.781,0.956
831,8/25/18 2:58,117.354,26.781,0.89
832,8/25/18 3:13,116.601,26.781,0.815
833,8/25/18 3:28,115.745,26.781,0.73
834,8/25/18 3:43,114.89,26.781,0.645
835,8/25/18 3:58,114.086,26.781,0.565
836,8/25/18 4:13,113.452,26.781,0.502
837,8/25/18 4:28,112.973,26.781,0.454
838,8/25/18 4:43,112.597,26.781,0.417
839,8/25/18 4:58,112.325,26.781,0.389
840,8/25/18 5:14,112.106,26.781,0.368
841,8/25/18 5:29,111.963,26.781,0.353
842,8/25/18 5:44,111.86,26.781,0.343
843,8/25/18 5:59,111.769,26.781,0.334
844,8/25/18 6:14,111.73,26.781,0.33
845,8/25/18 6:29,111.679,26.781,0.325
846,8/25/18 6:44,111.666,26.781,0.324
847,8/25/18 6:59,111.614,26.781,0.319
848,8/25/18 7:14,111.601,26.781,0.317
849,8/25/18 7:29,111.575,26.781,0.315
850,8/25/18 7:44,111.562,26.781,0.314
851,8/25/18 7:59,111.562,26.781,0.314
852,8/25/18 8:14,111.549,26.781,0.312
853,8/25/18 8:29,111.549,26.781,0.312
854,8/25/18 8:44,111.536,26.781,0.311
855,8/25/18 8:59,111.536,26.781,0.311
856,8/25/18 9:14,111.549,26.781,0.312
857,8/25/18 9:29,111.549,26.781,0.312
858,8/25/18 9:44,111.549,26.781,0.312
859,8/25/18 9:59,111.549,26.781,0.312
860,8/25/18 10:14,111.523,26.781,0.31
861,8/25/18 10:29,111.523,26.781,0.31
862,8/25/18 10:44,111.507,26.683,0.308
863,8/25/18 10:59,111.507,26.683,0.308
864,8/25/18 11:14,111.498,26.781,0.307
865,8/25/18 11:29,113.772,26.683,0.533
866,8/25/18 11:44,116.585,26.683,0.813
867,8/25/18 11:59,117.857,26.683,0.94
868,8/25/18 12:14,118.718,26.781,1.025
869,8/25/18 12:29,119.536,26.781,1.107
870,8/25/18 12:44,120.577,26.781,1.21
871,8/25/18 12:59,121.722,26.781,1.324
872,8/25/18 13:14,122.959,26.781,1.447
873,8/25/18 13:29,124.08,26.781,1.559
874,8/25/18 13:44,124.901,26.781,1.641
875,8/25/18 13:59,125.423,26.781,1.693
876,8/25/18 14:14,125.606,26.781,1.711
877,8/25/18 14:29,125.423,26.781,1.693
878,8/25/18 14:44,124.901,26.781,1.641
879,8/25/18 14:59,124.171,26.781,1.568
880,8/25/18 15:14,123.376,26.781,1.489
881,8/25/18 15:29,122.581,26.781,1.41
882,8/25/18 15:44,121.813,26.781,1.333
883,8/25/18 15:59,121.032,26.781,1.256
884,8/25/18 16:14,120.304,26.781,1.183
885,8/25/18 16:29,119.575,26.781,1.111
886,8/25/18 16:44,118.874,26.781,1.041
887,8/25/18 16:59,118.185,26.781,0.972
888,8/25/18 17:14,117.458,26.781,0.9
889,8/25/18 17:29,116.666,26.781,0.821
890,8/25/18 17:44,115.836,26.781,0.739
891,8/25/18 17:59,114.993,26.781,0.655
892,8/25/18 18:14,114.255,26.781,0.582
893,8/25/18 18:29,113.633,26.781,0.52
894,8/25/18 18:44,113.141,26.781,0.471
895,8/25/18 18:59,112.765,26.781,0.433
896,8/25/18 19:14,112.455,26.781,0.402
897,8/25/18 19:29,112.222,26.781,0.379
898,8/25/18 19:44,112.067,26.781,0.364
899,8/25/18 19:59,111.95,26.781,0.352
900,8/25/18 20:15,111.847,26.781,0.342
901,8/25/18 20:30,111.782,26.781,0.335
902,8/25/18 20:45,111.756,26.781,0.333
903,8/25/18 21:00,111.717,26.781,0.329
904,8/25/18 21:15,111.679,26.781,0.325
905,8/25/18 21:30,111.692,26.781,0.327
906,8/25/18 21:45,111.653,26.781,0.323
907,8/25/18 22:00,111.666,26.781,0.324
908,8/25/18 22:15,111.64,26.781,0.321
909,8/25/18 22:30,111.627,26.781,0.32
910,8/25/18 22:45,111.601,26.781,0.317
911,8/25/18 23:00,111.64,26.781,0.321
912,8/25/18 23:15,112.364,26.781,0.393
913,8/25/18 23:30,114.164,26.781,0.572
914,8/25/18 23:45,115.81,26.781,0.736
915,8/26/18 0:00,116.861,26.781,0.841
916,8/26/18 0:15,117.64,26.781,0.918
917,8/26/18 0:30,118.237,26.781,0.978
918,8/26/18 0:45,118.809,26.781,1.035
919,8/26/18 1:00,119.303,26.781,1.084
920,8/26/18 1:15,119.823,26.781,1.135
921,8/26/18 1:30,120.278,26.781,1.181
922,8/26/18 1:45,120.551,26.781,1.208
923,8/26/18 2:00,120.59,26.781,1.212
924,8/26/18 2:15,120.46,26.781,1.199
925,8/26/18 2:30,120.2,26.781,1.173
926,8/26/18 2:45,119.784,26.781,1.132
927,8/26/18 3:00,119.264,26.781,1.08
928,8/26/18 3:15,118.718,26.781,1.025
929,8/26/18 3:30,118.107,26.781,0.965
930,8/26/18 3:45,117.432,26.781,0.898
931,8/26/18 4:00,116.64,26.781,0.819
932,8/26/18 4:15,115.771,26.781,0.732
933,8/26/18 4:30,114.916,26.781,0.647
934,8/26/18 4:45,114.164,26.781,0.572
935,8/26/18 5:00,113.568,26.781,0.513
936,8/26/18 5:15,113.102,26.781,0.467
937,8/26/18 5:30,112.74,26.781,0.431
938,8/26/18 5:45,112.481,26.781,0.405
939,8/26/18 6:00,112.274,26.781,0.384
940,8/26/18 6:15,112.131,26.781,0.37
941,8/26/18 6:30,112.028,26.781,0.36
942,8/26/18 6:45,111.937,26.781,0.351
943,8/26/18 7:00,111.886,26.781,0.346
944,8/26/18 7:15,111.834,26.781,0.341
945,8/26/18 7:30,111.795,26.781,0.337
946,8/26/18 7:45,111.756,26.781,0.333
947,8/26/18 8:00,111.743,26.781,0.332
948,8/26/18 8:15,111.73,26.781,0.33
949,8/26/18 8:30,111.717,26.781,0.329
950,8/26/18 8:45,111.717,26.781,0.329
951,8/26/18 9:00,111.704,26.781,0.328
952,8/26/18 9:15,111.704,26.781,0.328
953,8/26/18 9:30,111.679,26.781,0.325
954,8/26/18 9:45,111.666,26.781,0.324
955,8/26/18 10:00,111.679,26.781,0.325
956,8/26/18 10:15,111.666,26.781,0.324
957,8/26/18 10:30,111.64,26.781,0.321
958,8/26/18 10:45,111.653,26.781,0.323
959,8/26/18 11:00,111.653,26.781,0.323
960,8/26/18 11:16,111.627,26.781,0.32
961,8/26/18 11:31,111.627,26.781,0.32
962,8/26/18 11:46,111.873,26.781,0.345
963,8/26/18 12:01,115.317,26.781,0.687
964,8/26/18 12:16,117.354,26.781,0.89
965,8/26/18 12:31,118.367,26.781,0.991
966,8/26/18 12:46,119.186,26.781,1.072
967,8/26/18 13:01,120.083,26.781,1.161
968,8/26/18 13:16,121.279,26.781,1.28
969,8/26/18 13:31,122.503,26.781,1.402
970,8/26/18 13:46,123.676,26.781,1.519
971,8/26/18 14:01,124.536,26.781,1.604
972,8/26/18 14:16,125.097,26.781,1.66
973,8/26/18 14:31,125.362,26.879,1.686
974,8/26/18 14:46,125.228,26.781,1.673
975,8/26/18 15:01,124.723,26.879,1.623
976,8/26/18 15:16,123.94,26.879,1.545
977,8/26/18 15:31,123.184,26.879,1.47
978,8/26/18 15:46,122.442,26.879,1.396
979,8/26/18 16:01,121.726,26.879,1.325
980,8/26/18 16:16,120.997,26.879,1.252
981,8/26/18 16:31,120.281,26.879,1.181
982,8/26/18 16:46,119.579,26.879,1.111
983,8/26/18 17:01,118.877,26.879,1.041
984,8/26/18 17:16,118.189,26.879,0.973
985,8/26/18 17:31,117.449,26.879,0.899
986,8/26/18 17:46,116.67,26.879,0.822
987,8/26/18 18:01,115.814,26.879,0.737
988,8/26/18 18:16,114.984,26.879,0.654
989,8/26/18 18:31,114.219,26.879,0.578
990,8/26/18 18:46,113.585,26.879,0.515
991,8/26/18 19:01,113.08,26.879,0.465
992,8/26/18 19:16,112.691,26.879,0.426
993,8/26/18 19:31,112.406,26.879,0.398
994,8/26/18 19:46,112.199,26.879,0.377
995,8/26/18 20:01,112.044,26.879,0.362
996,8/26/18 20:16,111.915,26.879,0.349
997,8/26/18 20:31,111.85,26.879,0.342
998,8/26/18 20:46,111.773,26.879,0.335
999,8/26/18 21:01,111.695,26.879,0.327
1000,8/26/18 21:16,111.669,26.879,0.324
1001,8/26/18 21:31,111.643,26.879,0.322
1002,8/26/18 21:46,111.617,26.879,0.319
1003,8/26/18 22:01,111.604,26.879,0.318
1004,8/26/18 22:16,111.566,26.879,0.314
1005,8/26/18 22:31,111.54,26.879,0.311
1006,8/26/18 22:46,111.514,26.879,0.309
1007,8/26/18 23:01,111.501,26.879,0.308
1008,8/26/18 23:16,111.488,26.879,0.306
1009,8/26/18 23:31,111.553,26.879,0.313
1010,8/26/18 23:46,112.821,26.879,0.439
1011,8/27/18 0:01,115.023,26.879,0.658
1012,8/27/18 0:16,116.54,26.879,0.809
1013,8/27/18 0:31,117.423,26.879,0.897
1014,8/27/18 0:46,118.137,26.879,0.968
1015,8/27/18 1:01,118.786,26.879,1.032
1016,8/27/18 1:16,119.423,26.879,1.096
1017,8/27/18 1:31,120.125,26.879,1.165
1018,8/27/18 1:46,120.841,26.879,1.237
1019,8/27/18 2:01,121.465,26.879,1.299
1020,8/27/18 2:17,121.83,26.879,1.335
1021,8/27/18 2:32,121.856,26.879,1.338
1022,8/27/18 2:47,121.53,26.879,1.305
1023,8/27/18 3:02,120.997,26.879,1.252
1024,8/27/18 3:17,120.411,26.879,1.194
1025,8/27/18 3:32,119.787,26.879,1.132
1026,8/27/18 3:47,119.163,26.879,1.07
1027,8/27/18 4:02,118.526,26.879,1.006
1028,8/27/18 4:17,117.877,26.879,0.942
1029,8/27/18 4:32,117.124,26.879,0.867
1030,8/27/18 4:47,116.293,26.879,0.784
1031,8/27/18 5:02,115.438,26.879,0.699
1032,8/27/18 5:17,114.621,26.879,0.618
1033,8/27/18 5:32,113.921,26.879,0.548
1034,8/27/18 5:47,113.377,26.879,0.494
1035,8/27/18 6:02,112.924,26.879,0.449
1036,8/27/18 6:17,112.614,26.879,0.418
1037,8/27/18 6:32,112.368,26.879,0.394
1038,8/27/18 6:47,112.161,26.879,0.373
1039,8/27/18 7:02,112.031,26.879,0.36
1040,8/27/18 7:17,111.928,26.879,0.35
1041,8/27/18 7:32,111.863,26.879,0.344
1042,8/27/18 7:47,111.798,26.879,0.337
1043,8/27/18 8:02,111.76,26.879,0.333
1044,8/27/18 8:17,111.734,26.879,0.331
1045,8/27/18 8:32,111.708,26.879,0.328
1046,8/27/18 8:47,111.682,26.879,0.326
1047,8/27/18 9:02,111.669,26.879,0.324
1048,8/27/18 9:17,111.669,26.879,0.324
1049,8/27/18 9:32,111.643,26.879,0.322
1050,8/27/18 9:47,111.643,26.879,0.322
1051,8/27/18 10:02,111.643,26.879,0.322
1052,8/27/18 10:17,111.63,26.879,0.32
1053,8/27/18 10:32,111.63,26.879,0.32
1054,8/27/18 10:47,111.604,26.879,0.318
1055,8/27/18 11:02,111.578,26.879,0.315
1056,8/27/18 11:17,111.553,26.879,0.313
1057,8/27/18 11:32,111.527,26.879,0.31
1058,8/27/18 11:47,111.514,26.879,0.309
1059,8/27/18 12:02,111.488,26.879,0.306
1060,8/27/18 12:17,113.779,26.879,0.534
1061,8/27/18 12:32,116.631,26.879,0.818
1062,8/27/18 12:47,117.916,26.879,0.946
1063,8/27/18 13:02,118.799,26.879,1.034
1064,8/27/18 13:17,119.644,26.879,1.118
1065,8/27/18 13:32,120.75,26.879,1.228
1066,8/27/18 13:47,121.973,26.879,1.349
1067,8/27/18 14:02,123.21,26.879,1.472
1068,8/27/18 14:17,124.227,26.879,1.574
1069,8/27/18 14:32,125.049,26.879,1.655
1070,8/27/18 14:47,125.701,26.879,1.72
1071,8/27/18 15:02,126.014,26.879,1.751
1072,8/27/18 15:17,125.91,26.879,1.741
1073,8/27/18 15:32,125.323,26.879,1.683
1074,8/27/18 15:47,124.397,26.879,1.59
1075,8/27/18 16:02,123.458,26.879,1.497
1076,8/27/18 16:17,122.546,26.879,1.406
1077,8/27/18 16:32,121.647,26.879,1.317
1078,8/27/18 16:47,120.802,26.879,1.233
1079,8/27/18 17:02,119.995,26.879,1.153
1080,8/27/18 17:18,119.267,26.879,1.08
1081,8/27/18 17:33,118.552,26.879,1.009
1082,8/27/18 17:48,117.851,26.879,0.939
1083,8/27/18 18:03,117.072,26.879,0.862
1084,8/27/18 18:18,116.258,26.977,0.781
1085,8/27/18 18:33,115.402,26.977,0.696
1086,8/27/18 18:48,114.598,26.977,0.616
1087,8/27/18 19:03,113.886,26.977,0.545
1088,8/27/18 19:18,113.303,26.977,0.487
1089,8/27/18 19:33,112.847,26.879,0.441
1090,8/27/18 19:48,112.487,26.977,0.406
1091,8/27/18 20:03,112.242,26.977,0.381
1092,8/27/18 20:18,112.035,26.977,0.361
1093,8/27/18 20:33,111.928,26.879,0.35
1094,8/27/18 20:48,111.811,26.879,0.338
1095,8/27/18 21:03,111.721,26.879,0.329
1096,8/27/18 21:18,111.656,26.879,0.323
1097,8/27/18 21:33,111.604,26.879,0.318
1098,8/27/18 21:48,111.566,26.879,0.314
1099,8/27/18 22:03,111.54,26.879,0.311
1100,8/27/18 22:18,111.501,26.879,0.308
1101,8/27/18 22:33,111.475,26.879,0.305
1102,8/27/18 22:48,111.475,26.879,0.305
1103,8/27/18 23:03,111.462,26.879,0.304
1104,8/27/18 23:18,111.436,26.879,0.301
1105,8/27/18 23:33,111.436,26.879,0.301
1106,8/27/18 23:48,111.397,26.879,0.297
1107,8/28/18 0:03,111.527,26.879,0.31
1108,8/28/18 0:18,113.041,26.879,0.461
1109,8/28/18 0:33,115.321,26.879,0.688
1110,8/28/18 0:48,116.683,26.879,0.823
1111,8/28/18 1:03,117.526,26.879,0.907
1112,8/28/18 1:18,118.202,26.879,0.974
1113,8/28/18 1:33,118.851,26.879,1.039
1114,8/28/18 1:48,119.579,26.879,1.111
1115,8/28/18 2:03,120.398,26.879,1.193
1116,8/28/18 2:18,121.166,26.879,1.269
1117,8/28/18 2:33,121.804,26.879,1.333
1118,8/28/18 2:48,122.155,26.879,1.367
1119,8/28/18 3:03,122.168,26.879,1.369
1120,8/28/18 3:18,121.908,26.879,1.343
1121,8/28/18 3:33,121.391,26.977,1.291
1122,8/28/18 3:48,120.766,26.977,1.229
1123,8/28/18 4:03,120.142,26.977,1.167
1124,8/28/18 4:18,119.479,26.977,1.101
1125,8/28/18 4:33,118.842,26.977,1.038
1126,8/28/18 4:48,118.192,26.977,0.973
1127,8/28/18 5:03,117.478,26.977,0.902
1128,8/28/18 5:18,116.699,26.977,0.825
1129,8/28/18 5:33,115.856,26.977,0.741
1130,8/28/18 5:48,115.013,26.977,0.657
1131,8/28/18 6:03,114.274,26.977,0.583
1132,8/28/18 6:18,113.653,26.977,0.522
1133,8/28/18 6:33,113.174,26.977,0.474
1134,8/28/18 6:48,112.785,26.977,0.435
1135,8/28/18 7:03,112.513,26.977,0.408
1136,8/28/18 7:18,112.28,26.977,0.385
1137,8/28/18 7:33,112.125,26.977,0.37
1138,8/28/18 7:48,111.996,26.977,0.357
1139,8/28/18 8:03,111.905,26.977,0.348
1140,8/28/18 8:19,111.853,26.977,0.343
1141,8/28/18 8:34,111.802,26.977,0.337
1142,8/28/18 8:49,111.75,26.977,0.332
1143,8/28/18 9:04,111.724,26.977,0.33
1144,8/28/18 9:19,111.698,26.977,0.327
1145,8/28/18 9:34,111.672,26.977,0.325
1146,8/28/18 9:49,111.647,26.977,0.322
1147,8/28/18 10:04,111.659,26.977,0.323
1148,8/28/18 10:19,111.621,26.977,0.319
1149,8/28/18 10:34,111.595,26.977,0.317
1150,8/28/18 10:49,111.569,26.977,0.314
1151,8/28/18 11:04,111.543,26.977,0.312
1152,8/28/18 11:19,111.504,26.977,0.308
1153,8/28/18 11:34,111.475,26.879,0.305
1154,8/28/18 11:49,111.478,26.977,0.305
1155,8/28/18 12:04,111.449,26.879,0.302
1156,8/28/18 12:19,111.423,26.879,0.3
1157,8/28/18 12:34,112.083,26.879,0.365
1158,8/28/18 12:49,115.308,26.879,0.686
1159,8/28/18 13:04,117.124,26.879,0.867
1160,8/28/18 13:19,118.085,26.879,0.963
1161,8/28/18 13:34,118.877,26.879,1.041
1162,8/28/18 13:49,119.709,26.879,1.124
1163,8/28/18 14:04,120.815,26.879,1.234
1164,8/28/18 14:19,121.938,26.977,1.346
1165,8/28/18 14:34,123.071,26.977,1.459
1166,8/28/18 14:49,123.996,26.977,1.551
1167,8/28/18 15:04,124.609,26.977,1.612
1168,8/28/18 15:19,124.909,26.977,1.641
1169,8/28/18 15:34,124.922,26.977,1.643
1170,8/28/18 15:49,124.557,26.977,1.606
1171,8/28/18 16:04,123.879,26.977,1.539
1172,8/28/18 16:19,123.084,26.977,1.46
1173,8/28/18 16:34,122.276,26.977,1.379
1174,8/28/18 16:49,121.456,26.977,1.298
1175,8/28/18 17:04,120.675,26.977,1.22
1176,8/28/18 17:19,119.934,26.977,1.146
1177,8/28/18 17:34,119.206,26.977,1.074
1178,8/28/18 17:49,118.53,26.977,1.007
1179,8/28/18 18:04,117.829,26.977,0.937
1180,8/28/18 18:19,117.076,26.977,0.862
1181,8/28/18 18:34,116.258,26.977,0.781
1182,8/28/18 18:49,115.428,26.977,0.698
1183,8/28/18 19:04,114.637,26.977,0.62
1184,8/28/18 19:19,113.951,26.977,0.551
1185,8/28/18 19:34,113.355,26.977,0.492
1186,8/28/18 19:49,112.928,26.977,0.449
1187,8/28/18 20:04,112.578,26.977,0.415
1188,8/28/18 20:19,112.332,26.977,0.39
1189,8/28/18 20:34,112.138,26.977,0.371
1190,8/28/18 20:49,111.996,26.977,0.357
1191,8/28/18 21:04,111.892,26.977,0.346
1192,8/28/18 21:19,111.815,26.977,0.339
1193,8/28/18 21:34,111.776,26.977,0.335
1194,8/28/18 21:49,111.737,26.977,0.331
1195,8/28/18 22:04,111.672,26.977,0.325
1196,8/28/18 22:19,111.647,26.977,0.322
1197,8/28/18 22:34,111.621,26.977,0.319
1198,8/28/18 22:49,111.608,26.977,0.318
1199,8/28/18 23:04,111.595,26.977,0.317
1200,8/28/18 23:20,111.582,26.977,0.316
1201,8/28/18 23:35,111.569,26.977,0.314
1202,8/28/18 23:50,111.556,26.977,0.313
1203,8/29/18 0:05,111.556,26.977,0.313
1204,8/29/18 0:20,111.543,26.977,0.312
1205,8/29/18 0:35,111.53,26.977,0.31
1206,8/29/18 0:50,112.293,26.977,0.386
1207,8/29/18 1:05,114.728,26.977,0.629
1208,8/29/18 1:20,116.505,26.977,0.805
1209,8/29/18 1:35,117.478,26.977,0.902
1210,8/29/18 1:50,118.192,26.977,0.973
1211,8/29/18 2:05,118.816,26.977,1.035
1212,8/29/18 2:20,119.388,26.977,1.092
1213,8/29/18 2:35,120.064,26.977,1.159
1214,8/29/18 2:50,120.662,26.977,1.219
1215,8/29/18 3:05,121.248,26.977,1.277
1216,8/29/18 3:20,121.638,26.977,1.316
1217,8/29/18 3:35,121.729,26.977,1.325
1218,8/29/18 3:50,121.56,26.977,1.308
1219,8/29/18 4:05,121.105,26.977,1.263
1220,8/29/18 4:20,120.519,26.977,1.205
1221,8/29/18 4:35,119.908,26.977,1.144
1222,8/29/18 4:50,119.258,26.977,1.079
1223,8/29/18 5:05,118.66,26.977,1.02
1224,8/29/18 5:20,118.023,26.977,0.956
1225,8/29/18 5:35,117.309,26.977,0.885
1226,8/29/18 5:50,116.505,26.977,0.805
1227,8/29/18 6:05,115.661,26.977,0.721
1228,8/29/18 6:20,114.832,26.977,0.639
1229,8/29/18 6:35,114.093,26.977,0.565
1230,8/29/18 6:50,113.549,26.977,0.511
1231,8/29/18 7:05,113.083,26.977,0.465
1232,8/29/18 7:20,112.746,26.977,0.431
1233,8/29/18 7:35,112.475,26.977,0.404
1234,8/29/18 7:50,112.268,26.977,0.384
1235,8/29/18 8:05,112.112,26.977,0.368
1236,8/29/18 8:20,112.009,26.977,0.358
1237,8/29/18 8:35,111.892,26.977,0.346
1238,8/29/18 8:50,111.841,26.977,0.341
1239,8/29/18 9:05,111.776,26.977,0.335
1240,8/29/18 9:20,111.737,26.977,0.331
1241,8/29/18 9:35,111.698,26.977,0.327
1242,8/29/18 9:50,111.685,26.977,0.326
1243,8/29/18 10:05,111.672,26.977,0.325
1244,8/29/18 10:20,111.672,26.977,0.325
1245,8/29/18 10:35,111.634,26.977,0.321
1246,8/29/18 10:50,111.608,26.977,0.318
1247,8/29/18 11:05,111.595,26.977,0.317
1248,8/29/18 11:20,111.569,26.977,0.314
1249,8/29/18 11:35,111.543,26.977,0.312
1250,8/29/18 11:50,111.53,26.977,0.31
1251,8/29/18 12:05,111.504,26.977,0.308
1252,8/29/18 12:20,111.478,26.977,0.305
1253,8/29/18 12:35,111.491,26.977,0.307
1254,8/29/18 12:50,111.478,26.977,0.305
1255,8/29/18 13:05,112.902,26.977,0.447
1256,8/29/18 13:20,115.648,26.977,0.72
1257,8/29/18 13:35,117.128,26.977,0.867
1258,8/29/18 13:50,118.01,26.977,0.955
1259,8/29/18 14:05,118.751,26.977,1.029
1260,8/29/18 14:21,119.505,26.977,1.104
1261,8/29/18 14:36,120.48,26.977,1.201
1262,8/29/18 14:51,121.469,26.977,1.299
1263,8/29/18 15:06,122.406,26.977,1.392
1264,8/29/18 15:21,123.149,26.977,1.466
1265,8/29/18 15:36,123.644,26.977,1.516
1266,8/29/18 15:51,123.801,26.977,1.531
1267,8/29/18 16:06,123.605,26.977,1.512
1268,8/29/18 16:21,123.149,26.977,1.466
1269,8/29/18 16:36,122.537,26.977,1.405
1270,8/29/18 16:51,121.846,26.977,1.337
1271,8/29/18 17:06,121.144,26.977,1.267
1272,8/29/18 17:21,120.415,26.977,1.194
1273,8/29/18 17:36,119.7,26.977,1.123
1274,8/29/18 17:51,119.024,26.977,1.056
1275,8/29/18 18:06,118.387,26.977,0.993
1276,8/29/18 18:21,117.699,26.977,0.924
1277,8/29/18 18:36,116.959,26.977,0.851
1278,8/29/18 18:51,116.18,26.977,0.773
1279,8/29/18 19:06,115.35,26.977,0.69
1280,8/29/18 19:21,114.663,26.977,0.622
1281,8/29/18 19:36,113.938,26.977,0.55
1282,8/29/18 19:51,113.381,26.977,0.495
1283,8/29/18 20:06,112.966,26.977,0.453
1284,8/29/18 20:21,112.682,26.977,0.425
1285,8/29/18 20:36,112.475,26.977,0.404
1286,8/29/18 20:51,112.319,26.977,0.389
1287,8/29/18 21:06,112.177,26.977,0.375
1288,8/29/18 21:21,112.099,26.977,0.367
1289,8/29/18 21:36,111.996,26.977,0.357
1290,8/29/18 21:51,111.931,26.977,0.35
1291,8/29/18 22:06,111.905,26.977,0.348
1292,8/29/18 22:21,111.866,26.977,0.344
1293,8/29/18 22:36,111.815,26.977,0.339
1294,8/29/18 22:51,111.841,26.977,0.341
1295,8/29/18 23:06,111.841,26.977,0.341
1296,8/29/18 23:21,111.802,26.977,0.337
1297,8/29/18 23:36,111.763,26.977,0.334
1298,8/29/18 23:51,111.737,26.977,0.331
1299,8/30/18 0:06,111.724,26.977,0.33
1300,8/30/18 0:21,111.698,26.977,0.327
1301,8/30/18 0:36,111.659,26.977,0.323
1302,8/30/18 0:51,111.647,26.977,0.322
1303,8/30/18 1:06,111.608,26.977,0.318
1304,8/30/18 1:21,111.685,26.977,0.326
1305,8/30/18 1:36,113.251,26.977,0.482
1306,8/30/18 1:51,115.506,26.977,0.706
1307,8/30/18 2:06,116.881,26.977,0.843
1308,8/30/18 2:21,117.725,26.977,0.927
1309,8/30/18 2:36,118.361,26.977,0.99
1310,8/30/18 2:51,118.985,26.977,1.052
1311,8/30/18 3:06,119.609,26.977,1.114
1312,8/30/18 3:21,120.246,26.977,1.178
1313,8/30/18 3:36,120.766,26.977,1.229
1314,8/30/18 3:51,121.183,26.977,1.271
1315,8/30/18 4:06,121.3,26.977,1.282
1316,8/30/18 4:21,121.157,26.977,1.268
1317,8/30/18 4:36,120.792,26.977,1.232
1318,8/30/18 4:51,120.272,26.977,1.18
1319,8/30/18 5:06,119.726,26.977,1.126
1320,8/30/18 5:22,119.167,26.977,1.07
1321,8/30/18 5:37,118.582,26.977,1.012
1322,8/30/18 5:52,117.945,26.977,0.949
1323,8/30/18 6:07,117.218,26.977,0.876
1324,8/30/18 6:22,116.414,26.977,0.796
1325,8/30/18 6:37,115.558,26.977,0.711
1326,8/30/18 6:52,114.754,26.977,0.631
1327,8/30/18 7:07,114.093,26.977,0.565
1328,8/30/18 7:22,113.536,26.977,0.51
1329,8/30/18 7:37,113.109,26.977,0.467
1330,8/30/18 7:52,112.785,26.977,0.435
1331,8/30/18 8:07,112.565,26.977,0.413
1332,8/30/18 8:22,112.397,26.977,0.397
1333,8/30/18 8:37,112.268,26.977,0.384
1334,8/30/18 8:52,112.177,26.977,0.375
1335,8/30/18 9:07,112.099,26.977,0.367
1336,8/30/18 9:22,112.035,26.977,0.361
1337,8/30/18 9:37,111.983,26.977,0.355
1338,8/30/18 9:52,111.931,26.977,0.35
1339,8/30/18 10:07,111.879,26.977,0.345
1340,8/30/18 10:22,111.853,26.977,0.343
1341,8/30/18 10:37,111.815,26.977,0.339
1342,8/30/18 10:52,111.789,26.977,0.336
1343,8/30/18 11:07,111.737,26.977,0.331
1344,8/30/18 11:22,111.724,26.977,0.33
1345,8/30/18 11:37,111.685,26.977,0.326
1346,8/30/18 11:52,111.672,26.977,0.325
1347,8/30/18 12:07,111.634,26.977,0.321
1348,8/30/18 12:22,111.608,26.977,0.318
1349,8/30/18 12:37,111.582,26.977,0.316
1350,8/30/18 12:52,111.556,26.977,0.313
1351,8/30/18 13:07,111.53,26.977,0.31
1352,8/30/18 13:22,111.737,26.977,0.331
1353,8/30/18 13:37,113.886,26.977,0.545
1354,8/30/18 13:52,115.999,26.977,0.755
1355,8/30/18 14:07,117.128,26.977,0.867
1356,8/30/18 14:22,117.881,26.977,0.942
1357,8/30/18 14:37,118.517,26.977,1.006
1358,8/30/18 14:52,119.128,26.977,1.066
1359,8/30/18 15:07,119.804,26.977,1.134
1360,8/30/18 15:22,120.519,26.977,1.205
1361,8/30/18 15:37,121.183,26.977,1.271
1362,8/30/18 15:52,121.729,26.977,1.325
1363,8/30/18 16:07,122.055,26.977,1.357
1364,8/30/18 16:22,122.159,26.977,1.368
1365,8/30/18 16:37,122.042,26.977,1.356
1366,8/30/18 16:52,121.69,26.977,1.321
1367,8/30/18 17:07,121.183,26.977,1.271
1368,8/30/18 17:22,120.571,26.977,1.21
1369,8/30/18 17:37,119.908,26.977,1.144
1370,8/30/18 17:52,119.271,26.977,1.081
1371,8/30/18 18:07,118.634,26.977,1.017
1372,8/30/18 18:22,117.997,26.977,0.954
1373,8/30/18 18:37,117.296,26.977,0.884
1374,8/30/18 18:52,116.518,26.977,0.807
1375,8/30/18 19:07,115.674,26.977,0.723
1376,8/30/18 19:22,114.845,26.977,0.64
1377,8/30/18 19:37,114.106,26.977,0.567
1378,8/30/18 19:52,113.497,26.977,0.506
1379,8/30/18 20:07,113.044,26.977,0.461
1380,8/30/18 20:23,112.682,26.977,0.425
1381,8/30/18 20:38,112.41,26.977,0.398
1382,8/30/18 20:53,112.19,26.977,0.376
1383,8/30/18 21:08,112.06,26.977,0.363
1384,8/30/18 21:23,111.931,26.977,0.35
1385,8/30/18 21:38,111.853,26.977,0.343
1386,8/30/18 21:53,111.776,26.977,0.335
1387,8/30/18 22:08,111.711,26.977,0.328
1388,8/30/18 22:23,111.659,26.977,0.323
1389,8/30/18 22:38,111.647,26.977,0.322
1390,8/30/18 22:53,111.608,26.977,0.318
1391,8/30/18 23:08,111.582,26.977,0.316
1392,8/30/18 23:23,111.556,26.977,0.313
1393,8/30/18 23:38,111.543,26.977,0.312
1394,8/30/18 23:53,111.491,26.977,0.307
1395,8/31/18 0:08,111.478,26.977,0.305
1396,8/31/18 0:23,111.465,26.977,0.304
1397,8/31/18 0:38,111.453,26.977,0.303
1398,8/31/18 0:53,111.44,26.977,0.301
1399,8/31/18 1:08,111.427,26.977,0.3
1400,8/31/18 1:23,111.414,26.977,0.299
1401,8/31/18 1:38,111.388,26.977,0.296
1402,8/31/18 1:53,111.375,26.977,0.295
1403,8/31/18 2:08,111.905,26.977,0.348
1404,8/31/18 2:23,113.976,26.977,0.554
1405,8/31/18 2:38,115.739,26.977,0.729
1406,8/31/18 2:53,116.686,26.977,0.823
1407,8/31/18 3:08,117.374,26.977,0.892
1408,8/31/18 3:23,117.945,26.977,0.949
1409,8/31/18 3:38,118.439,26.977,0.998
1410,8/31/18 3:53,118.907,26.977,1.044
1411,8/31/18 4:08,119.362,26.977,1.09
1412,8/31/18 4:23,119.778,26.977,1.131
1413,8/31/18 4:38,120.064,26.977,1.159
1414,8/31/18 4:53,120.155,26.977,1.168
1415,8/31/18 5:08,120.012,26.977,1.154
1416,8/31/18 5:23,119.661,26.977,1.119
1417,8/31/18 5:38,119.232,26.977,1.077
1418,8/31/18 5:53,118.712,26.977,1.025
1419,8/31/18 6:08,118.192,26.977,0.973
1420,8/31/18 6:23,117.621,26.977,0.916
1421,8/31/18 6:38,116.972,26.977,0.852
1422,8/31/18 6:53,116.18,26.977,0.773
1423,8/31/18 7:08,115.311,26.977,0.687
1424,8/31/18 7:23,114.482,26.977,0.604
1425,8/31/18 7:38,113.782,26.977,0.534
1426,8/31/18 7:53,113.238,26.977,0.48
1427,8/31/18 8:08,112.837,26.977,0.44
1428,8/31/18 8:23,112.513,26.977,0.408
1429,8/31/18 8:38,112.268,26.977,0.384
1430,8/31/18 8:53,112.086,26.977,0.366
1431,8/31/18 9:08,111.957,26.977,0.353
1432,8/31/18 9:23,111.853,26.977,0.343
1433,8/31/18 9:38,111.776,26.977,0.335
1434,8/31/18 9:53,111.711,26.977,0.328
1435,8/31/18 10:08,111.659,26.977,0.323
1436,8/31/18 10:23,111.608,26.977,0.318
1437,8/31/18 10:38,111.569,26.977,0.314
1438,8/31/18 10:53,111.504,26.977,0.308
1439,8/31/18 11:08,111.465,26.977,0.304
1440,8/31/18 11:24,111.427,26.977,0.3
1441,8/31/18 11:39,111.401,26.977,0.298
1442,8/31/18 11:54,111.362,26.977,0.294
1443,8/31/18 12:09,111.31,26.977,0.289
1444,8/31/18 12:24,111.284,26.977,0.286
1445,8/31/18 12:39,111.233,26.977,0.281
1446,8/31/18 12:54,111.207,26.977,0.278
1447,8/31/18 13:09,111.194,26.977,0.277
1448,8/31/18 13:24,111.168,26.977,0.274
1449,8/31/18 13:39,111.414,26.977,0.299
1450,8/31/18 13:54,112.889,26.977,0.446
1451,8/31/18 14:09,114.663,26.977,0.622
1452,8/31/18 14:24,115.739,26.977,0.729
1453,8/31/18 14:39,116.505,26.977,0.805
1454,8/31/18 14:54,117.115,26.977,0.866
1455,8/31/18 15:09,117.647,26.977,0.919
1456,8/31/18 15:24,118.153,26.977,0.969
1457,8/31/18 15:39,118.634,26.977,1.017
1458,8/31/18 15:54,119.115,26.977,1.065
1459,8/31/18 16:09,119.609,26.977,1.114
1460,8/31/18 16:24,120.038,26.977,1.157
1461,8/31/18 16:39,120.363,26.977,1.189
1462,8/31/18 16:54,120.428,26.977,1.196
1463,8/31/18 17:09,120.272,26.977,1.18
1464,8/31/18 17:24,119.986,26.977,1.152
1465,8/31/18 17:39,119.557,26.977,1.109
1466,8/31/18 17:54,119.063,26.977,1.06
1467,8/31/18 18:09,118.53,26.977,1.007
1468,8/31/18 18:24,117.958,26.977,0.95
1469,8/31/18 18:39,117.365,27.075,0.891
1470,8/31/18 18:54,116.703,27.075,0.825
1471,8/31/18 19:09,115.911,27.075,0.746
1472,8/31/18 19:24,115.056,27.075,0.661
1473,8/31/18 19:39,114.2,27.075,0.576
1474,8/31/18 19:54,113.462,27.075,0.503
1475,8/31/18 20:09,112.866,27.075,0.443
1476,8/31/18 20:24,112.465,27.075,0.403
1477,8/31/18 20:39,112.129,27.075,0.37
1478,8/31/18 20:54,111.883,27.075,0.346
1479,8/31/18 21:09,111.689,27.075,0.326
1480,8/31/18 21:24,111.533,27.075,0.311
1481,8/31/18 21:39,111.443,27.075,0.302
1482,8/31/18 21:54,111.378,27.075,0.295
1483,8/31/18 22:09,111.339,27.075,0.291
1484,8/31/18 22:24,111.288,27.075,0.286
1485,8/31/18 22:39,111.275,27.075,0.285
1486,8/31/18 22:54,111.233,26.977,0.281
1487,8/31/18 23:09,111.22,26.977,0.28
1488,8/31/18 23:24,111.194,26.977,0.277
1489,8/31/18 23:39,111.207,26.977,0.278
1490,8/31/18 23:54,111.194,26.977,0.277
1491,9/1/18 0:09,111.181,26.977,0.276
1492,9/1/18 0:24,111.155,26.977,0.273
1493,9/1/18 0:39,111.142,26.977,0.272
1494,9/1/18 0:54,111.116,26.977,0.269
1495,9/1/18 1:09,111.078,26.977,0.265
1496,9/1/18 1:24,111.052,26.977,0.263
1497,9/1/18 1:39,111.039,26.977,0.262
1498,9/1/18 1:54,111.039,26.977,0.262
1499,9/1/18 2:09,111.026,26.977,0.26
1500,9/1/18 2:25,111.026,26.977,0.26
1501,9/1/18 2:40,111.039,26.977,0.262
1502,9/1/18 2:55,111.517,26.977,0.309
1503,9/1/18 3:10,113.148,26.977,0.471
1504,9/1/18 3:25,114.78,26.977,0.634
1505,9/1/18 3:40,115.804,26.977,0.736
1506,9/1/18 3:55,116.544,26.977,0.809
1507,9/1/18 4:10,117.128,26.977,0.867
1508,9/1/18 4:25,117.569,26.977,0.911
1509,9/1/18 4:40,117.936,27.075,0.948
1510,9/1/18 4:55,118.313,27.075,0.985
1511,9/1/18 5:10,118.612,27.075,1.015
1512,9/1/18 5:25,118.897,27.075,1.043
1513,9/1/18 5:40,119.079,27.075,1.061
1514,9/1/18 5:55,119.014,27.075,1.055
1515,9/1/18 6:10,118.689,27.075,1.023
1516,9/1/18 6:25,118.209,27.075,0.975
1517,9/1/18 6:40,117.702,27.075,0.924
1518,9/1/18 6:55,117.183,27.075,0.873
1519,9/1/18 7:10,116.56,27.075,0.811
1520,9/1/18 7:25,115.924,27.075,0.748
1521,9/1/18 7:40,115.302,27.075,0.686
1522,9/1/18 7:55,114.706,27.075,0.626
1523,9/1/18 8:10,114.122,27.075,0.568
1524,9/1/18 8:25,113.604,27.075,0.517
1525,9/1/18 8:40,113.177,27.075,0.474
1526,9/1/18 8:55,112.776,27.075,0.434
1527,9/1/18 9:10,112.413,27.075,0.398
1528,9/1/18 9:25,112.141,27.075,0.371
1529,9/1/18 9:40,111.934,27.075,0.351
1530,9/1/18 9:55,111.766,27.075,0.334
1531,9/1/18 10:10,111.663,27.075,0.324
1532,9/1/18 10:25,111.585,27.075,0.316
1533,9/1/18 10:40,111.533,27.075,0.311
1534,9/1/18 10:55,111.495,27.075,0.307
1535,9/1/18 11:10,111.43,27.075,0.3
1536,9/1/18 11:25,111.404,27.075,0.298
1537,9/1/18 11:40,111.378,27.075,0.295
1538,9/1/18 11:55,111.339,27.075,0.291
1539,9/1/18 12:10,111.301,27.075,0.288
1540,9/1/18 12:25,111.275,27.075,0.285
1541,9/1/18 12:40,111.249,27.075,0.282
1542,9/1/18 12:55,111.21,27.075,0.279
1543,9/1/18 13:10,111.184,27.075,0.276
1544,9/1/18 13:25,111.21,27.075,0.279
1545,9/1/18 13:40,111.456,27.075,0.303
1546,9/1/18 13:55,112.103,27.075,0.367
1547,9/1/18 14:10,112.983,27.075,0.455
1548,9/1/18 14:25,113.734,27.075,0.53
1549,9/1/18 14:40,114.42,27.075,0.598
1550,9/1/18 14:55,115.172,27.075,0.673
1551,9/1/18 15:10,115.782,27.075,0.733
1552,9/1/18 15:25,116.339,27.075,0.789
1553,9/1/18 15:40,116.833,27.075,0.838
1554,9/1/18 15:55,117.287,27.075,0.883
1555,9/1/18 16:10,117.715,27.075,0.926
1556,9/1/18 16:25,118.053,27.075,0.959
1557,9/1/18 16:40,118.313,27.075,0.985
1558,9/1/18 16:55,118.482,27.075,1.002
1559,9/1/18 17:10,118.625,27.075,1.016
1560,9/1/18 17:26,118.676,27.075,1.021
1561,9/1/18 17:41,118.56,27.075,1.01
1562,9/1/18 17:56,118.313,27.075,0.985
1563,9/1/18 18:11,117.949,27.075,0.949
1564,9/1/18 18:26,117.546,27.075,0.909
1565,9/1/18 18:41,117.066,27.075,0.861
1566,9/1/18 18:56,116.495,27.075,0.804
1567,9/1/18 19:11,115.782,27.075,0.733
1568,9/1/18 19:26,115.056,27.075,0.661
1569,9/1/18 19:41,114.395,27.075,0.595
1570,9/1/18 19:56,113.786,27.075,0.535
1571,9/1/18 20:11,113.242,27.075,0.481
1572,9/1/18 20:26,112.802,27.075,0.437
1573,9/1/18 20:41,112.4,27.075,0.397
1574,9/1/18 20:56,112.09,27.075,0.366
1575,9/1/18 21:11,111.857,27.075,0.343
1576,9/1/18 21:26,111.676,27.075,0.325
1577,9/1/18 21:41,111.546,27.075,0.312
1578,9/1/18 21:56,111.456,27.075,0.303
1579,9/1/18 22:11,111.417,27.075,0.299
1580,9/1/18 22:26,111.365,27.075,0.294
1581,9/1/18 22:41,111.314,27.075,0.289
1582,9/1/18 22:56,111.288,27.075,0.286
1583,9/1/18 23:11,111.288,27.075,0.286
1584,9/1/18 23:26,111.275,27.075,0.285
1585,9/1/18 23:41,111.249,27.075,0.282
1586,9/1/18 23:56,111.249,27.075,0.282
1587,9/2/18 0:11,111.236,27.075,0.281
1588,9/2/18 0:26,111.21,27.075,0.279
1589,9/2/18 0:41,111.197,27.075,0.277
1590,9/2/18 0:56,111.21,27.075,0.279
1591,9/2/18 1:11,111.171,27.075,0.275
1592,9/2/18 1:26,111.158,27.075,0.273
1593,9/2/18 1:41,111.145,27.075,0.272
1594,9/2/18 1:56,111.145,27.075,0.272
1595,9/2/18 2:11,111.12,27.075,0.27
1596,9/2/18 2:26,111.12,27.075,0.27
1597,9/2/18 2:41,111.12,27.075,0.27
1598,9/2/18 2:56,111.107,27.075,0.268
1599,9/2/18 3:11,111.094,27.075,0.267
1600,9/2/18 3:26,111.068,27.075,0.264
1601,9/2/18 3:41,111.081,27.075,0.266
1602,9/2/18 3:56,111.508,27.075,0.308
1603,9/2/18 4:11,112.97,27.075,0.454
1604,9/2/18 4:26,114.537,27.075,0.61
1605,9/2/18 4:41,115.509,27.075,0.706
1606,9/2/18 4:56,116.158,27.075,0.771
1607,9/2/18 5:11,116.625,27.075,0.817
1608,9/2/18 5:26,116.884,27.075,0.843
1609,9/2/18 5:41,117.118,27.075,0.866
1610,9/2/18 5:56,117.43,27.075,0.897
1611,9/2/18 6:11,117.65,27.075,0.919
1612,9/2/18 6:26,117.767,27.075,0.931
1613,9/2/18 6:41,117.858,27.075,0.94
1614,9/2/18 6:56,117.91,27.075,0.945
1615,9/2/18 7:11,117.78,27.075,0.932
1616,9/2/18 7:26,117.508,27.075,0.905
1617,9/2/18 7:41,117.118,27.075,0.866
1618,9/2/18 7:56,116.651,27.075,0.82
1619,9/2/18 8:11,116.3,27.075,0.785
1620,9/2/18 8:27,115.989,27.075,0.754
1621,9/2/18 8:42,115.704,27.075,0.726
1622,9/2/18 8:57,115.431,27.075,0.698
1623,9/2/18 9:12,115.056,27.075,0.661
1624,9/2/18 9:27,114.654,27.075,0.621
1625,9/2/18 9:42,114.161,27.075,0.572
1626,9/2/18 9:57,113.669,27.075,0.523
1627,9/2/18 10:12,113.384,27.075,0.495
1628,9/2/18 10:27,113.177,27.075,0.474
1629,9/2/18 10:42,113.177,27.075,0.474
1630,9/2/18 10:57,113.397,27.075,0.496
1631,9/2/18 11:12,113.449,27.075,0.501
1632,9/2/18 11:27,113.19,27.075,0.476
1633,9/2/18 11:42,112.853,27.075,0.442
1634,9/2/18 11:57,112.556,27.075,0.412
1635,9/2/18 12:12,112.323,27.075,0.389
1636,9/2/18 12:27,112.077,27.075,0.365
1637,9/2/18 12:42,111.934,27.075,0.351
1638,9/2/18 12:57,111.986,27.075,0.356
1639,9/2/18 13:12,112.077,27.075,0.365
1640,9/2/18 13:27,112.167,27.075,0.374
1641,9/2/18 13:42,112.271,27.075,0.384
1642,9/2/18 13:57,112.374,27.075,0.394
1643,9/2/18 14:12,112.465,27.075,0.403
1644,9/2/18 14:27,112.465,27.075,0.403
1645,9/2/18 14:42,112.685,27.075,0.425
1646,9/2/18 14:57,113.125,27.075,0.469
1647,9/2/18 15:12,113.682,27.075,0.524
1648,9/2/18 15:27,114.33,27.075,0.589
1649,9/2/18 15:42,114.783,27.075,0.634
1650,9/2/18 15:57,115.146,27.075,0.67
1651,9/2/18 16:12,115.47,27.075,0.702
1652,9/2/18 16:27,115.795,27.075,0.735
1653,9/2/18 16:42,115.95,27.075,0.75
1654,9/2/18 16:57,116.054,27.075,0.76
1655,9/2/18 17:12,116.249,27.075,0.78
1656,9/2/18 17:27,116.521,27.075,0.807
1657,9/2/18 17:42,116.677,27.075,0.822
1658,9/2/18 17:57,116.664,27.075,0.821
1659,9/2/18 18:12,116.547,27.075,0.81
1660,9/2/18 18:27,116.352,27.075,0.79
1661,9/2/18 18:42,116.041,27.075,0.759
1662,9/2/18 18:57,115.821,27.075,0.737
1663,9/2/18 19:12,115.613,27.075,0.717
1664,9/2/18 19:27,115.367,27.075,0.692
1665,9/2/18 19:42,114.9,27.075,0.646
1666,9/2/18 19:57,114.369,27.075,0.593
1667,9/2/18 20:12,113.941,27.075,0.55
1668,9/2/18 20:27,113.488,27.075,0.505
1669,9/2/18 20:42,113.086,27.075,0.465
1670,9/2/18 20:57,112.763,27.075,0.433
1671,9/2/18 21:12,112.452,27.075,0.402
1672,9/2/18 21:27,112.193,27.075,0.376
1673,9/2/18 21:42,111.999,27.075,0.357
1674,9/2/18 21:57,111.805,27.075,0.338
1675,9/2/18 22:12,111.689,27.075,0.326
1676,9/2/18 22:27,111.598,27.075,0.317
1677,9/2/18 22:42,111.533,27.075,0.311
1678,9/2/18 22:57,111.469,27.075,0.304
1679,9/2/18 23:12,111.43,27.075,0.3
1680,9/2/18 23:28,111.404,27.075,0.298
1681,9/2/18 23:43,111.365,27.075,0.294
1682,9/2/18 23:58,111.327,27.075,0.29
1683,9/3/18 0:13,111.301,27.075,0.288
1684,9/3/18 0:28,111.301,27.075,0.288
1685,9/3/18 0:43,111.288,27.075,0.286
1686,9/3/18 0:58,111.301,27.075,0.288
1687,9/3/18 1:13,111.275,27.075,0.285
1688,9/3/18 1:28,111.249,27.075,0.282
1689,9/3/18 1:43,111.249,27.075,0.282
1690,9/3/18 1:58,111.236,27.075,0.281
1691,9/3/18 2:13,111.236,27.075,0.281
1692,9/3/18 2:28,111.223,27.075,0.28
1693,9/3/18 2:43,111.21,27.075,0.279
1694,9/3/18 2:58,111.21,27.075,0.279
1695,9/3/18 3:13,111.197,27.075,0.277
1696,9/3/18 3:28,111.197,27.075,0.277
1697,9/3/18 3:43,111.197,27.075,0.277
1698,9/3/18 3:58,111.197,27.075,0.277
1699,9/3/18 4:13,111.184,27.075,0.276
1700,9/3/18 4:28,111.197,27.075,0.277
1701,9/3/18 4:43,111.197,27.075,0.277
1702,9/3/18 4:58,111.223,27.075,0.28
1703,9/3/18 5:13,111.21,27.075,0.279
1704,9/3/18 5:28,111.417,27.075,0.299
1705,9/3/18 5:43,112.452,27.075,0.402
1706,9/3/18 5:58,113.941,27.075,0.55
1707,9/3/18 6:13,115.068,27.075,0.662
1708,9/3/18 6:28,115.756,27.075,0.731
1709,9/3/18 6:43,116.275,27.075,0.782
1710,9/3/18 6:58,116.703,27.075,0.825
1711,9/3/18 7:13,117.079,27.075,0.862
1712,9/3/18 7:28,117.456,27.075,0.9
1713,9/3/18 7:43,117.78,27.075,0.932
1714,9/3/18 7:58,118.001,27.075,0.954
1715,9/3/18 8:13,118.079,27.075,0.962
1716,9/3/18 8:28,118.092,27.075,0.963
1717,9/3/18 8:43,118.066,27.075,0.961
1718,9/3/18 8:58,117.962,27.075,0.95
1719,9/3/18 9:13,117.767,27.075,0.931
1720,9/3/18 9:28,117.585,27.075,0.913
1721,9/3/18 9:43,117.378,27.075,0.892
1722,9/3/18 9:58,117.209,27.075,0.875
1723,9/3/18 10:13,117.001,27.075,0.855
1724,9/3/18 10:28,116.729,27.075,0.828
1725,9/3/18 10:43,116.404,27.075,0.795
1726,9/3/18 10:58,116.132,27.075,0.768
1727,9/3/18 11:13,115.846,27.075,0.74
1728,9/3/18 11:28,115.522,27.075,0.708
1729,9/3/18 11:43,115.133,27.075,0.669
1730,9/3/18 11:58,114.783,27.075,0.634
1731,9/3/18 12:13,114.511,27.075,0.607
1732,9/3/18 12:28,114.187,27.075,0.575
1733,9/3/18 12:43,113.902,27.075,0.546
1734,9/3/18 12:58,113.617,27.075,0.518
1735,9/3/18 13:13,113.306,27.075,0.487
1736,9/3/18 13:28,113.035,27.075,0.46
1737,9/3/18 13:43,112.75,27.075,0.432
1738,9/3/18 13:58,112.517,27.075,0.409
1739,9/3/18 14:13,112.323,27.075,0.389
1740,9/3/18 14:29,112.232,27.075,0.38
1741,9/3/18 14:44,112.258,27.075,0.383
1742,9/3/18 14:59,112.297,27.075,0.387
1743,9/3/18 15:14,112.336,27.075,0.391
1744,9/3/18 15:29,112.219,27.075,0.379
1745,9/3/18 15:44,112.064,27.075,0.364
1746,9/3/18 15:59,112.103,27.075,0.367
1747,9/3/18 16:14,112.297,27.075,0.387
1748,9/3/18 16:29,112.594,27.075,0.416
1749,9/3/18 16:44,112.892,27.075,0.446
1750,9/3/18 16:59,113.177,27.075,0.474
1751,9/3/18 17:14,113.54,27.075,0.51
1752,9/3/18 17:29,113.954,27.075,0.552
1753,9/3/18 17:44,114.213,27.075,0.577
1754,9/3/18 17:59,114.278,27.075,0.584
1755,9/3/18 18:14,114.252,27.075,0.581
1756,9/3/18 18:29,114.265,27.075,0.582
1757,9/3/18 18:44,114.459,27.075,0.602
1758,9/3/18 18:59,114.628,27.075,0.619
1759,9/3/18 19:14,114.757,27.075,0.631
1760,9/3/18 19:29,114.796,27.075,0.635
1761,9/3/18 19:44,114.693,27.075,0.625
1762,9/3/18 19:59,114.459,27.075,0.602
1763,9/3/18 20:14,114.239,27.075,0.58
1764,9/3/18 20:29,114.084,27.075,0.564
1765,9/3/18 20:44,113.98,27.075,0.554
1766,9/3/18 20:59,113.786,27.075,0.535
1767,9/3/18 21:14,113.552,27.075,0.512
1768,9/3/18 21:29,113.268,27.075,0.483
1769,9/3/18 21:44,112.957,27.075,0.452
1770,9/3/18 21:59,112.646,27.075,0.421
1771,9/3/18 22:14,112.349,27.075,0.392
1772,9/3/18 22:29,112.103,27.075,0.367
1773,9/3/18 22:44,111.883,27.075,0.346
1774,9/3/18 22:59,111.715,27.075,0.329
1775,9/3/18 23:14,111.572,27.075,0.315
1776,9/3/18 23:29,111.482,27.075,0.306
1777,9/3/18 23:44,111.404,27.075,0.298
1778,9/3/18 23:59,111.339,27.075,0.291
1779,9/4/18 0:14,111.301,27.075,0.288
1780,9/4/18 0:29,111.262,27.075,0.284
1781,9/4/18 0:44,111.236,27.075,0.281
1782,9/4/18 0:59,111.197,27.075,0.277
1783,9/4/18 1:14,111.197,27.075,0.277
1784,9/4/18 1:29,111.171,27.075,0.275
1785,9/4/18 1:44,111.158,27.075,0.273
1786,9/4/18 1:59,111.158,27.075,0.273
1787,9/4/18 2:14,111.158,27.075,0.273
1788,9/4/18 2:29,111.158,27.075,0.273
1789,9/4/18 2:44,111.145,27.075,0.272
1790,9/4/18 2:59,111.133,27.075,0.271
1791,9/4/18 3:14,111.133,27.075,0.271
1792,9/4/18 3:29,111.12,27.075,0.27
1793,9/4/18 3:44,111.12,27.075,0.27
1794,9/4/18 3:59,111.12,27.075,0.27
1795,9/4/18 4:14,111.107,27.075,0.268
1796,9/4/18 4:29,111.12,27.075,0.27
1797,9/4/18 4:44,111.107,27.075,0.268
1798,9/4/18 4:59,111.107,27.075,0.268
1799,9/4/18 5:14,111.12,27.075,0.27
1800,9/4/18 5:30,111.133,27.075,0.271
1801,9/4/18 5:45,111.145,27.075,0.272
1802,9/4/18 6:00,111.158,27.075,0.273
1803,9/4/18 6:15,111.171,27.075,0.275
1804,9/4/18 6:30,111.197,27.075,0.277
1805,9/4/18 6:45,111.197,27.075,0.277
1806,9/4/18 7:00,111.275,27.075,0.285
1807,9/4/18 7:15,112.154,27.075,0.372
1808,9/4/18 7:30,113.876,27.075,0.544
1809,9/4/18 7:45,115.38,27.075,0.693
1810,9/4/18 8:00,116.275,27.075,0.782
1811,9/4/18 8:15,116.936,27.075,0.848
1812,9/4/18 8:30,117.456,27.075,0.9
1813,9/4/18 8:45,117.923,27.075,0.946
1814,9/4/18 9:00,118.365,27.075,0.99
1815,9/4/18 9:15,118.78,27.075,1.032
1816,9/4/18 9:30,119.17,27.075,1.07
1817,9/4/18 9:45,119.586,27.075,1.112
1818,9/4/18 10:00,119.924,27.075,1.145
1819,9/4/18 10:15,120.145,27.075,1.167
1820,9/4/18 10:30,120.236,27.075,1.177
1821,9/4/18 10:45,120.145,27.075,1.167
1822,9/4/18 11:00,119.911,27.075,1.144
1823,9/4/18 11:15,119.573,27.075,1.111
1824,9/4/18 11:30,119.274,27.075,1.081
1825,9/4/18 11:45,119.027,27.075,1.056
1826,9/4/18 12:00,118.806,27.075,1.034
1827,9/4/18 12:15,118.586,27.075,1.012
1828,9/4/18 12:30,118.313,27.075,0.985
1829,9/4/18 12:45,117.988,27.075,0.953
1830,9/4/18 13:00,117.624,27.075,0.917
1831,9/4/18 13:15,117.118,27.075,0.866
1832,9/4/18 13:30,116.495,27.075,0.804
1833,9/4/18 13:45,115.795,27.075,0.735
1834,9/4/18 14:00,115.12,27.075,0.668
1835,9/4/18 14:15,114.498,27.075,0.606
1836,9/4/18 14:30,113.954,27.075,0.552
1837,9/4/18 14:45,113.475,27.075,0.504
1838,9/4/18 15:00,113.009,27.075,0.458
1839,9/4/18 15:15,112.607,27.075,0.418
1840,9/4/18 15:30,112.258,27.075,0.383
1841,9/4/18 15:45,111.973,27.075,0.354
1842,9/4/18 16:00,111.74,27.075,0.331
1843,9/4/18 16:15,111.546,27.075,0.312
1844,9/4/18 16:30,111.43,27.075,0.3
1845,9/4/18 16:45,111.327,27.075,0.29
1846,9/4/18 17:00,111.262,27.075,0.284
1847,9/4/18 17:15,111.21,27.075,0.279
1848,9/4/18 17:30,111.158,27.075,0.273
1849,9/4/18 17:45,111.158,27.075,0.273
1850,9/4/18 18:00,111.184,27.075,0.276
1851,9/4/18 18:15,111.301,27.075,0.288
1852,9/4/18 18:30,111.521,27.075,0.31
1853,9/4/18 18:45,111.779,27.075,0.335
1854,9/4/18 19:00,112.154,27.075,0.372
1855,9/4/18 19:15,112.594,27.075,0.416
1856,9/4/18 19:30,113.151,27.075,0.472
1857,9/4/18 19:45,113.63,27.075,0.519
1858,9/4/18 20:00,113.954,27.075,0.552
1859,9/4/18 20:15,114.135,27.075,0.57
1860,9/4/18 20:31,114.33,27.075,0.589
1861,9/4/18 20:46,114.602,27.075,0.616
1862,9/4/18 21:01,114.718,27.075,0.628
1863,9/4/18 21:16,114.68,27.075,0.624
1864,9/4/18 21:31,114.576,27.075,0.613
1865,9/4/18 21:46,114.498,27.075,0.606
1866,9/4/18 22:01,114.42,27.075,0.598
1867,9/4/18 22:16,114.213,27.075,0.577
1868,9/4/18 22:31,113.941,27.075,0.55
1869,9/4/18 22:46,113.747,27.075,0.531
1870,9/4/18 23:01,113.617,27.075,0.518
1871,9/4/18 23:16,113.449,27.075,0.501
1872,9/4/18 23:31,113.164,27.075,0.473
1873,9/4/18 23:46,112.866,27.075,0.443
1874,9/5/18 0:01,112.569,27.075,0.414
1875,9/5/18 0:16,112.271,27.075,0.384
1876,9/5/18 0:31,111.999,27.075,0.357
1877,9/5/18 0:46,111.805,27.075,0.338
1878,9/5/18 1:01,111.663,27.075,0.324
1879,9/5/18 1:16,111.559,27.075,0.313
1880,9/5/18 1:31,111.482,27.075,0.306
1881,9/5/18 1:46,111.443,27.075,0.302
1882,9/5/18 2:01,111.391,27.075,0.297
1883,9/5/18 2:16,111.365,27.075,0.294
1884,9/5/18 2:31,111.327,27.075,0.29
1885,9/5/18 2:46,111.314,27.075,0.289
1886,9/5/18 3:01,111.288,27.075,0.286
1887,9/5/18 3:16,111.275,27.075,0.285
1888,9/5/18 3:31,111.262,27.075,0.284
1889,9/5/18 3:46,111.236,27.075,0.281
1890,9/5/18 4:01,111.249,27.075,0.282
1891,9/5/18 4:16,111.236,27.075,0.281
1892,9/5/18 4:31,111.236,27.075,0.281
1893,9/5/18 4:46,111.249,27.075,0.282
1894,9/5/18 5:01,111.275,27.075,0.285
1895,9/5/18 5:16,111.275,27.075,0.285
1896,9/5/18 5:31,111.301,27.075,0.288
1897,9/5/18 5:46,111.314,27.075,0.289
1898,9/5/18 6:01,111.339,27.075,0.291
1899,9/5/18 6:16,111.365,27.075,0.294
1900,9/5/18 6:31,111.365,27.075,0.294
1901,9/5/18 6:46,111.391,27.075,0.297
1902,9/5/18 7:01,111.391,27.075,0.297
1903,9/5/18 7:16,111.417,27.075,0.299
1904,9/5/18 7:31,111.43,27.075,0.3
1905,9/5/18 7:46,111.456,27.075,0.303
1906,9/5/18 8:01,111.469,27.075,0.304
1907,9/5/18 8:16,111.495,27.075,0.307
1908,9/5/18 8:31,111.831,27.075,0.34
1909,9/5/18 8:46,114.161,27.075,0.572
1910,9/5/18 9:01,116.288,27.075,0.784
1911,9/5/18 9:16,117.365,27.075,0.891
1912,9/5/18 9:31,118.105,27.075,0.965
1913,9/5/18 9:46,118.728,27.075,1.026
1914,9/5/18 10:01,119.313,27.075,1.085
1915,9/5/18 10:16,120.015,27.075,1.155
1916,9/5/18 10:31,120.809,27.075,1.234
1917,9/5/18 10:46,121.577,27.075,1.31
1918,9/5/18 11:01,122.228,27.075,1.375
1919,9/5/18 11:16,122.632,27.075,1.415
1920,9/5/18 11:32,122.801,27.075,1.432
1921,9/5/18 11:47,122.84,27.075,1.436
1922,9/5/18 12:02,122.658,27.075,1.417
1923,9/5/18 12:17,122.323,27.173,1.384
1924,9/5/18 12:32,121.893,27.173,1.341
1925,9/5/18 12:47,121.424,27.173,1.295
1926,9/5/18 13:02,120.982,27.173,1.251
1927,9/5/18 13:17,120.539,27.173,1.207
1928,9/5/18 13:32,120.071,27.173,1.16
1929,9/5/18 13:47,119.59,27.173,1.112
1930,9/5/18 14:02,119.07,27.173,1.061
1931,9/5/18 14:17,118.485,27.173,1.002
1932,9/5/18 14:32,117.849,27.173,0.939
1933,9/5/18 14:47,117.135,27.173,0.868
1934,9/5/18 15:02,116.33,27.173,0.788
1935,9/5/18 15:17,115.435,27.173,0.699
1936,9/5/18 15:32,114.566,27.173,0.612
1937,9/5/18 15:47,113.841,27.173,0.54
1938,9/5/18 16:02,113.245,27.173,0.481
1939,9/5/18 16:17,112.792,27.173,0.436
1940,9/5/18 16:32,112.442,27.173,0.401
1941,9/5/18 16:47,112.197,27.173,0.377
1942,9/5/18 17:02,111.977,27.173,0.355
1943,9/5/18 17:17,111.847,27.173,0.342
1944,9/5/18 17:32,111.731,27.173,0.33
1945,9/5/18 17:47,111.653,27.173,0.323
1946,9/5/18 18:02,111.601,27.173,0.317
1947,9/5/18 18:17,111.55,27.173,0.312
1948,9/5/18 18:32,111.498,27.173,0.307
1949,9/5/18 18:47,111.472,27.173,0.305
1950,9/5/18 19:02,111.433,27.173,0.301
1951,9/5/18 19:17,111.42,27.173,0.299
1952,9/5/18 19:32,111.433,27.173,0.301
1953,9/5/18 19:47,111.42,27.173,0.299
1954,9/5/18 20:02,111.446,27.173,0.302
1955,9/5/18 20:17,111.472,27.173,0.305
1956,9/5/18 20:32,111.64,27.173,0.321
1957,9/5/18 20:47,112.313,27.173,0.388
1958,9/5/18 21:02,113.543,27.173,0.511
1959,9/5/18 21:17,114.709,27.173,0.627
1960,9/5/18 21:32,115.526,27.173,0.708
1961,9/5/18 21:47,116.109,27.173,0.766
1962,9/5/18 22:02,116.486,27.173,0.803
1963,9/5/18 22:17,116.784,27.173,0.833
1964,9/5/18 22:32,116.992,27.173,0.854
1965,9/5/18 22:47,117.096,27.173,0.864
1966,9/5/18 23:02,116.966,27.173,0.851
1967,9/5/18 23:17,116.706,27.173,0.825
1968,9/5/18 23:32,116.395,27.173,0.794
1969,9/5/18 23:47,115.98,27.173,0.753
1970,9/6/18 0:02,115.591,27.173,0.714
1971,9/6/18 0:17,115.098,27.173,0.665
1972,9/6/18 0:32,114.579,27.173,0.614
1973,9/6/18 0:47,114.022,27.173,0.558
1974,9/6/18 1:02,113.478,27.173,0.504
1975,9/6/18 1:17,113.025,27.173,0.459
1976,9/6/18 1:32,112.611,27.173,0.418
1977,9/6/18 1:47,112.287,27.173,0.386
1978,9/6/18 2:02,112.028,27.173,0.36
1979,9/6/18 2:17,111.834,27.173,0.341
1980,9/6/18 2:33,111.705,27.173,0.328
1981,9/6/18 2:48,111.64,27.173,0.321
1982,9/6/18 3:03,111.589,27.173,0.316
1983,9/6/18 3:18,111.537,27.173,0.311
1984,9/6/18 3:33,111.524,27.173,0.31
1985,9/6/18 3:48,111.498,27.173,0.307
1986,9/6/18 4:03,111.459,27.173,0.303
1987,9/6/18 4:18,111.459,27.173,0.303
1988,9/6/18 4:33,111.446,27.173,0.302
1989,9/6/18 4:48,111.459,27.173,0.303
1990,9/6/18 5:03,111.459,27.173,0.303
1991,9/6/18 5:18,111.459,27.173,0.303
1992,9/6/18 5:33,111.472,27.173,0.305
1993,9/6/18 5:48,111.472,27.173,0.305
1994,9/6/18 6:03,111.485,27.173,0.306
1995,9/6/18 6:18,111.498,27.173,0.307
1996,9/6/18 6:33,111.498,27.173,0.307
1997,9/6/18 6:48,111.485,27.173,0.306
1998,9/6/18 7:03,111.498,27.173,0.307
1999,9/6/18 7:18,111.498,27.173,0.307
2000,9/6/18 7:33,111.498,27.173,0.307
2001,9/6/18 7:48,111.511,27.173,0.309
2002,9/6/18 8:03,111.524,27.173,0.31
2003,9/6/18 8:18,111.524,27.173,0.31
2004,9/6/18 8:33,111.498,27.173,0.307
2005,9/6/18 8:48,111.498,27.173,0.307
2006,9/6/18 9:03,111.511,27.173,0.309
2007,9/6/18 9:18,111.511,27.173,0.309
2008,9/6/18 9:33,111.977,27.173,0.355
2009,9/6/18 9:48,115.38,27.075,0.693
2010,9/6/18 10:03,117.381,27.173,0.892
2011,9/6/18 10:18,118.394,27.173,0.993
2012,9/6/18 10:33,119.265,27.173,1.08
2013,9/6/18 10:48,120.188,27.173,1.172
2014,9/6/18 11:03,121.346,27.173,1.287
2015,9/6/18 11:18,122.544,27.173,1.406
2016,9/6/18 11:33,123.691,27.173,1.52
2017,9/6/18 11:48,124.577,27.173,1.608
2018,9/6/18 12:03,125.204,27.173,1.671
2019,9/6/18 12:18,125.556,27.173,1.706
2020,9/6/18 12:33,125.569,27.173,1.707
2021,9/6/18 12:48,125.256,27.173,1.676
2022,9/6/18 13:03,124.695,27.173,1.62
2023,9/6/18 13:18,123.991,27.173,1.55
2024,9/6/18 13:33,123.274,27.173,1.479
2025,9/6/18 13:48,122.518,27.173,1.404
2026,9/6/18 14:03,121.789,27.173,1.331
2027,9/6/18 14:18,121.06,27.173,1.258
2028,9/6/18 14:33,120.344,27.173,1.187
2029,9/6/18 14:48,119.629,27.173,1.116
2030,9/6/18 15:03,118.914,27.173,1.045
2031,9/6/18 15:18,118.173,27.173,0.971
2032,9/6/18 15:33,117.394,27.173,0.894
2033,9/6/18 15:48,116.551,27.173,0.81
2034,9/6/18 16:03,115.694,27.173,0.725
2035,9/6/18 16:18,114.877,27.173,0.643
2036,9/6/18 16:33,114.152,27.173,0.571
2037,9/6/18 16:48,113.53,27.173,0.509
2038,9/6/18 17:03,113.064,27.173,0.463
2039,9/6/18 17:18,112.675,27.173,0.424
2040,9/6/18 17:34,112.378,27.173,0.395
2041,9/6/18 17:49,112.158,27.173,0.373
2042,9/6/18 18:04,111.99,27.173,0.356
2043,9/6/18 18:19,111.86,27.173,0.343
2044,9/6/18 18:34,111.757,27.173,0.333
2045,9/6/18 18:49,111.692,27.173,0.327
2046,9/6/18 19:04,111.64,27.173,0.321
2047,9/6/18 19:19,111.601,27.173,0.317
2048,9/6/18 19:34,111.563,27.173,0.314
2049,9/6/18 19:49,111.55,27.173,0.312
2050,9/6/18 20:04,111.55,27.173,0.312
2051,9/6/18 20:19,111.524,27.173,0.31
2052,9/6/18 20:34,111.511,27.173,0.309
2053,9/6/18 20:49,111.511,27.173,0.309
2054,9/6/18 21:04,111.511,27.173,0.309
2055,9/6/18 21:19,111.498,27.173,0.307
2056,9/6/18 21:34,111.692,27.173,0.327
2057,9/6/18 21:49,112.96,27.173,0.453
2058,9/6/18 22:04,114.787,27.173,0.634
2059,9/6/18 22:19,116.032,27.173,0.758
2060,9/6/18 22:34,116.888,27.173,0.843
2061,9/6/18 22:49,117.55,27.173,0.909
2062,9/6/18 23:04,118.082,27.173,0.962
2063,9/6/18 23:19,118.511,27.173,1.005
2064,9/6/18 23:34,118.888,27.173,1.042
2065,9/6/18 23:49,119.226,27.173,1.076
2066,9/7/18 0:04,119.46,27.173,1.099
2067,9/7/18 0:19,119.499,27.173,1.103
2068,9/7/18 0:34,119.369,27.173,1.09
2069,9/7/18 0:49,119.083,27.173,1.062
2070,9/7/18 1:04,118.667,27.173,1.02
2071,9/7/18 1:19,118.16,27.173,0.97
2072,9/7/18 1:34,117.524,27.173,0.907
2073,9/7/18 1:49,116.771,27.173,0.832
2074,9/7/18 2:04,115.889,27.173,0.744
2075,9/7/18 2:19,114.981,27.173,0.654
2076,9/7/18 2:34,114.152,27.173,0.571
2077,9/7/18 2:49,113.517,27.173,0.508
2078,9/7/18 3:04,113.025,27.173,0.459
2079,9/7/18 3:19,112.637,27.173,0.421
2080,9/7/18 3:34,112.326,27.173,0.39
2081,9/7/18 3:49,112.132,27.173,0.37
2082,9/7/18 4:04,111.964,27.173,0.354
2083,9/7/18 4:19,111.847,27.173,0.342
2084,9/7/18 4:34,111.77,27.173,0.334
2085,9/7/18 4:49,111.692,27.173,0.327
2086,9/7/18 5:04,111.627,27.173,0.32
2087,9/7/18 5:19,111.601,27.173,0.317
2088,9/7/18 5:34,111.576,27.173,0.315
2089,9/7/18 5:49,111.563,27.173,0.314
2090,9/7/18 6:04,111.55,27.173,0.312
2091,9/7/18 6:19,111.537,27.173,0.311
2092,9/7/18 6:34,111.537,27.173,0.311
2093,9/7/18 6:49,111.524,27.173,0.31
2094,9/7/18 7:04,111.537,27.173,0.311
2095,9/7/18 7:19,111.524,27.173,0.31
2096,9/7/18 7:34,111.524,27.173,0.31
2097,9/7/18 7:49,111.511,27.173,0.309
2098,9/7/18 8:04,111.511,27.173,0.309
2099,9/7/18 8:19,111.498,27.173,0.307
2100,9/7/18 8:35,111.511,27.173,0.309
2101,9/7/18 8:50,111.485,27.173,0.306
2102,9/7/18 9:05,111.485,27.173,0.306
2103,9/7/18 9:20,111.485,27.173,0.306
2104,9/7/18 9:35,111.498,27.173,0.307
2105,9/7/18 9:50,111.485,27.173,0.306
2106,9/7/18 10:05,111.472,27.173,0.305
2107,9/7/18 10:20,111.886,27.173,0.346
2108,9/7/18 10:35,115.785,27.173,0.734
2109,9/7/18 10:50,117.823,27.173,0.936
2110,9/7/18 11:05,118.94,27.173,1.048
2111,9/7/18 11:20,120.032,27.173,1.156
2112,9/7/18 11:35,121.437,27.173,1.296
2113,9/7/18 11:50,122.961,27.173,1.448
2114,9/7/18 12:05,124.486,27.173,1.599
2115,9/7/18 12:20,125.961,27.173,1.746
2116,9/7/18 12:35,127.084,27.173,1.858
2117,9/7/18 12:50,127.567,27.173,1.906
2118,9/7/18 13:05,127.632,27.173,1.912
2119,9/7/18 13:20,127.28,27.173,1.877
2120,9/7/18 13:35,126.561,27.173,1.806
2121,9/7/18 13:50,125.921,27.173,1.742
2122,9/7/18 14:05,125.23,27.173,1.673
2123,9/7/18 14:20,124.33,27.173,1.584
2124,9/7/18 14:35,123.443,27.173,1.496
2125,9/7/18 14:50,122.57,27.173,1.409
2126,9/7/18 15:05,121.711,27.173,1.323
2127,9/7/18 15:20,120.865,27.173,1.239
2128,9/7/18 15:35,120.097,27.173,1.163
2129,9/7/18 15:50,119.356,27.173,1.089
2130,9/7/18 16:05,118.55,27.173,1.009
2131,9/7/18 16:20,117.771,27.173,0.931
2132,9/7/18 16:35,116.953,27.173,0.85
2133,9/7/18 16:50,116.135,27.173,0.769
2134,9/7/18 17:05,115.305,27.173,0.686
2135,9/7/18 17:20,114.566,27.173,0.612
2136,9/7/18 17:35,113.867,27.173,0.543
2137,9/7/18 17:50,113.31,27.173,0.487
2138,9/7/18 18:05,112.87,27.173,0.444
2139,9/7/18 18:20,112.533,27.173,0.41
2140,9/7/18 18:35,112.274,27.173,0.384
2141,9/7/18 18:50,112.093,27.173,0.366
2142,9/7/18 19:05,111.951,27.173,0.352
2143,9/7/18 19:20,111.847,27.173,0.342
2144,9/7/18 19:35,111.783,27.173,0.336
2145,9/7/18 19:50,111.731,27.173,0.33
2146,9/7/18 20:05,111.692,27.173,0.327
2147,9/7/18 20:20,111.653,27.173,0.323
2148,9/7/18 20:35,111.64,27.173,0.321
2149,9/7/18 20:50,111.627,27.173,0.32
2150,9/7/18 21:05,111.601,27.173,0.317
2151,9/7/18 21:20,111.563,27.173,0.314
2152,9/7/18 21:35,111.55,27.173,0.312
2153,9/7/18 21:50,111.524,27.173,0.31
2154,9/7/18 22:05,111.55,27.173,0.312
2155,9/7/18 22:20,112.184,27.173,0.375
2156,9/7/18 22:35,114.631,27.173,0.619
2157,9/7/18 22:50,116.499,27.173,0.805
2158,9/7/18 23:05,117.563,27.173,0.911
2159,9/7/18 23:20,118.316,27.173,0.986
2160,9/7/18 23:36,119.044,27.173,1.058
2161,9/7/18 23:51,119.759,27.173,1.129
2162,9/8/18 0:06,120.487,27.173,1.201
2163,9/8/18 0:21,121.203,27.173,1.273
2164,9/8/18 0:36,121.867,27.173,1.339
2165,9/8/18 0:51,122.192,27.173,1.371
2166,9/8/18 1:06,122.153,27.173,1.367
2167,9/8/18 1:21,121.815,27.173,1.334
2168,9/8/18 1:36,121.229,27.173,1.275
2169,9/8/18 1:51,120.604,27.173,1.213
2170,9/8/18 2:06,119.967,27.173,1.15
2171,9/8/18 2:21,119.304,27.173,1.084
2172,9/8/18 2:36,118.641,27.173,1.018
2173,9/8/18 2:51,117.953,27.173,0.949
2174,9/8/18 3:06,117.161,27.173,0.871
2175,9/8/18 3:21,116.33,27.173,0.788
2176,9/8/18 3:36,115.461,27.173,0.701
2177,9/8/18 3:51,114.657,27.173,0.621
2178,9/8/18 4:06,113.944,27.173,0.551
2179,9/8/18 4:21,113.401,27.173,0.497
2180,9/8/18 4:36,112.96,27.173,0.453
2181,9/8/18 4:51,112.624,27.173,0.419
2182,9/8/18 5:06,112.391,27.173,0.396
2183,9/8/18 5:21,112.184,27.173,0.375
2184,9/8/18 5:36,112.028,27.173,0.36
2185,9/8/18 5:51,111.912,27.173,0.348
2186,9/8/18 6:06,111.821,27.173,0.339
2187,9/8/18 6:21,111.796,27.173,0.337
2188,9/8/18 6:36,111.744,27.173,0.332
2189,9/8/18 6:51,111.718,27.173,0.329
2190,9/8/18 7:06,111.692,27.173,0.327
2191,9/8/18 7:21,111.692,27.173,0.327
2192,9/8/18 7:36,111.653,27.173,0.323
2193,9/8/18 7:51,111.653,27.173,0.323
2194,9/8/18 8:06,111.64,27.173,0.321
2195,9/8/18 8:21,111.627,27.173,0.32
2196,9/8/18 8:36,111.627,27.173,0.32
2197,9/8/18 8:51,111.64,27.173,0.321
2198,9/8/18 9:06,111.614,27.173,0.319
2199,9/8/18 9:21,111.614,27.173,0.319
2200,9/8/18 9:36,111.589,27.173,0.316
2201,9/8/18 9:51,111.589,27.173,0.316
2202,9/8/18 10:06,111.576,27.173,0.315
2203,9/8/18 10:21,111.55,27.173,0.312
2204,9/8/18 10:36,111.537,27.173,0.311
2205,9/8/18 10:51,111.508,27.075,0.308