Plot Title: sargento-old,,,,
#,Fecha,"Abs Pres, kPa","Temp, C","Water Level, meters"
1,8/16/18 12:30,104.359,29.252,-0.34
2,8/16/18 12:45,104.243,28.754,-0.351
3,8/16/18 13:00,104.255,28.655,-0.35
4,8/16/18 13:15,104.239,28.655,-0.352
5,8/16/18 13:30,104.255,28.655,-0.35
6,8/16/18 13:45,104.251,28.555,-0.35
7,8/16/18 14:00,104.251,28.555,-0.35
8,8/16/18 14:15,104.235,28.555,-0.352
9,8/16/18 14:30,104.219,28.555,-0.354
10,8/16/18 14:45,104.187,28.555,-0.357
11,8/16/18 15:00,104.156,28.555,-0.36
12,8/16/18 15:15,104.14,28.555,-0.361
13,8/16/18 15:30,104.795,28.555,-0.296
14,8/16/18 15:45,105.595,28.555,-0.217
15,8/16/18 16:00,106.175,28.655,-0.159
16,8/16/18 16:15,106.671,28.655,-0.11
17,8/16/18 16:30,107.104,28.655,-0.067
18,8/16/18 16:45,107.536,28.655,-0.024
19,8/16/18 17:00,107.905,28.655,0.013
20,8/16/18 17:15,108.149,28.754,0.037
21,8/16/18 17:30,108.358,28.754,0.058
22,8/16/18 17:45,108.55,28.754,0.077
23,8/16/18 18:00,108.678,28.754,0.09
24,8/16/18 18:15,108.554,28.853,0.078
25,8/16/18 18:30,108.281,28.853,0.051
26,8/16/18 18:45,107.897,28.853,0.012
27,8/16/18 19:00,107.448,28.853,-0.032
28,8/16/18 19:15,106.999,28.853,-0.077
29,8/16/18 19:30,106.439,28.853,-0.133
30,8/16/18 19:45,105.799,28.853,-0.196
31,8/16/18 20:00,105.031,28.853,-0.273
32,8/16/18 20:15,104.419,28.754,-0.334
33,8/16/18 20:30,104.403,28.754,-0.335
34,8/16/18 20:45,104.371,28.754,-0.338
35,8/16/18 21:00,104.387,28.754,-0.337
36,8/16/18 21:15,104.387,28.754,-0.337
37,8/16/18 21:30,104.387,28.754,-0.337
38,8/16/18 21:45,104.387,28.754,-0.337
39,8/16/18 22:00,104.387,28.754,-0.337
40,8/16/18 22:15,104.371,28.754,-0.338
41,8/16/18 22:30,104.371,28.754,-0.338
42,8/16/18 22:45,104.339,28.754,-0.342
43,8/16/18 23:00,104.371,28.754,-0.338
44,8/16/18 23:15,104.371,28.754,-0.338
45,8/16/18 23:30,104.355,28.754,-0.34
46,8/16/18 23:45,104.323,28.754,-0.343
47,8/17/18 0:00,104.339,28.754,-0.342
48,8/17/18 0:15,104.339,28.754,-0.342
49,8/17/18 0:30,104.307,28.754,-0.345
50,8/17/18 0:45,104.307,28.754,-0.345
51,8/17/18 1:00,104.275,28.754,-0.348
52,8/17/18 1:15,104.291,28.754,-0.346
53,8/17/18 1:30,104.243,28.754,-0.351
54,8/17/18 1:45,104.259,28.754,-0.35
55,8/17/18 2:00,104.227,28.754,-0.353
56,8/17/18 2:15,104.195,28.754,-0.356
57,8/17/18 2:30,104.195,28.754,-0.356
58,8/17/18 2:45,104.195,28.754,-0.356
59,8/17/18 3:00,104.195,28.754,-0.356
60,8/17/18 3:15,104.195,28.754,-0.356
61,8/17/18 3:30,104.179,28.754,-0.358
62,8/17/18 3:45,104.195,28.754,-0.356
63,8/17/18 4:00,104.195,28.754,-0.356
64,8/17/18 4:15,104.211,28.754,-0.354
65,8/17/18 4:30,104.211,28.754,-0.354
66,8/17/18 4:45,104.227,28.754,-0.353
67,8/17/18 5:00,104.259,28.754,-0.35
68,8/17/18 5:15,104.307,28.754,-0.345
69,8/17/18 5:30,104.963,28.754,-0.28
70,8/17/18 5:45,105.327,28.655,-0.243
71,8/17/18 6:00,105.759,28.655,-0.2
72,8/17/18 6:15,106.079,28.655,-0.169
73,8/17/18 6:30,106.191,28.655,-0.157
74,8/17/18 6:45,106.079,28.655,-0.169
75,8/17/18 7:00,105.903,28.655,-0.186
76,8/17/18 7:15,105.919,28.655,-0.184
77,8/17/18 7:30,105.823,28.655,-0.194
78,8/17/18 7:45,105.615,28.655,-0.215
79,8/17/18 8:00,105.167,28.655,-0.259
80,8/17/18 8:15,104.687,28.655,-0.307
81,8/17/18 8:30,104.479,28.655,-0.328
82,8/17/18 8:45,104.431,28.655,-0.332
83,8/17/18 9:00,104.427,28.555,-0.333
84,8/17/18 9:15,104.427,28.555,-0.333
85,8/17/18 9:30,104.395,28.555,-0.336
86,8/17/18 9:45,104.395,28.555,-0.336
87,8/17/18 10:00,104.379,28.555,-0.338
88,8/17/18 10:15,104.379,28.555,-0.338
89,8/17/18 10:30,104.347,28.555,-0.341
90,8/17/18 10:45,104.331,28.555,-0.342
91,8/17/18 11:00,104.331,28.555,-0.342
92,8/17/18 11:15,104.315,28.555,-0.344
93,8/17/18 11:30,104.299,28.555,-0.346
94,8/17/18 11:45,104.283,28.555,-0.347
95,8/17/18 12:00,104.267,28.555,-0.349
96,8/17/18 12:15,104.235,28.555,-0.352
97,8/17/18 12:30,104.235,28.555,-0.352
98,8/17/18 12:45,104.235,28.555,-0.352
99,8/17/18 13:00,104.203,28.555,-0.355
100,8/17/18 13:15,104.187,28.555,-0.357
101,8/17/18 13:30,104.156,28.555,-0.36
102,8/17/18 13:45,104.14,28.555,-0.361
103,8/17/18 14:00,104.124,28.555,-0.363
104,8/17/18 14:15,104.108,28.555,-0.365
105,8/17/18 14:30,104.092,28.555,-0.366
106,8/17/18 14:45,104.044,28.555,-0.371
107,8/17/18 15:00,104.028,28.555,-0.373
108,8/17/18 15:15,104.028,28.555,-0.373
109,8/17/18 15:30,104.012,28.555,-0.374
110,8/17/18 15:45,104.028,28.555,-0.373
111,8/17/18 16:00,103.996,28.555,-0.376
112,8/17/18 16:15,103.98,28.555,-0.377
113,8/17/18 16:30,104.187,28.555,-0.357
114,8/17/18 16:45,104.603,28.555,-0.315
115,8/17/18 17:00,104.959,28.655,-0.28
116,8/17/18 17:15,105.343,28.655,-0.242
117,8/17/18 17:30,105.539,28.754,-0.222
118,8/17/18 17:45,105.783,28.853,-0.198
119,8/17/18 18:00,105.895,28.853,-0.187
120,8/17/18 18:15,105.863,28.853,-0.19
121,8/17/18 18:30,105.831,28.853,-0.193
122,8/17/18 18:45,105.671,28.853,-0.209
123,8/17/18 19:00,105.271,28.853,-0.249
124,8/17/18 19:15,104.935,28.853,-0.282
125,8/17/18 19:30,104.631,28.853,-0.313
126,8/17/18 19:45,104.387,28.754,-0.337
127,8/17/18 20:00,104.211,28.754,-0.354
128,8/17/18 20:15,104.179,28.754,-0.358
129,8/17/18 20:30,104.179,28.754,-0.358
130,8/17/18 20:45,104.179,28.754,-0.358
131,8/17/18 21:00,104.179,28.754,-0.358
132,8/17/18 21:15,104.179,28.754,-0.358
133,8/17/18 21:30,104.195,28.754,-0.356
134,8/17/18 21:45,104.183,28.853,-0.357
135,8/17/18 22:00,104.167,28.853,-0.359
136,8/17/18 22:15,104.151,28.853,-0.36
137,8/17/18 22:30,104.135,28.853,-0.362
138,8/17/18 22:45,104.151,28.853,-0.36
139,8/17/18 23:00,104.135,28.853,-0.362
140,8/17/18 23:15,104.123,28.953,-0.363
141,8/17/18 23:30,104.123,28.953,-0.363
142,8/17/18 23:45,104.123,28.953,-0.363
143,8/18/18 0:00,104.123,28.953,-0.363
144,8/18/18 0:15,104.091,28.953,-0.366
145,8/18/18 0:30,104.107,28.953,-0.365
146,8/18/18 0:45,104.123,28.953,-0.363
147,8/18/18 1:00,104.111,29.053,-0.364
148,8/18/18 1:15,104.111,29.053,-0.364
149,8/18/18 1:30,104.095,29.053,-0.366
150,8/18/18 1:45,104.111,29.053,-0.364
151,8/18/18 2:00,104.111,29.053,-0.364
152,8/18/18 2:15,104.111,29.053,-0.364
153,8/18/18 2:30,104.095,29.053,-0.366
154,8/18/18 2:45,104.095,29.053,-0.366
155,8/18/18 3:00,104.095,29.053,-0.366
156,8/18/18 3:15,104.095,29.053,-0.366
157,8/18/18 3:30,104.063,29.053,-0.369
158,8/18/18 3:45,104.095,29.053,-0.366
159,8/18/18 4:00,104.079,29.053,-0.368
160,8/18/18 4:15,104.079,29.053,-0.368
161,8/18/18 4:30,104.079,29.053,-0.368
162,8/18/18 4:45,104.075,28.953,-0.368
163,8/18/18 5:00,104.059,28.953,-0.369
164,8/18/18 5:15,104.059,28.953,-0.369
165,8/18/18 5:30,104.059,28.953,-0.369
166,8/18/18 5:45,104.091,28.953,-0.366
167,8/18/18 6:00,104.107,28.953,-0.365
168,8/18/18 6:15,104.135,28.853,-0.362
169,8/18/18 6:30,104.183,28.853,-0.357
170,8/18/18 6:45,104.199,28.853,-0.356
171,8/18/18 7:00,104.519,28.853,-0.324
172,8/18/18 7:15,104.883,28.754,-0.288
173,8/18/18 7:30,105.187,28.754,-0.257
174,8/18/18 7:45,105.443,28.754,-0.232
175,8/18/18 8:00,105.539,28.754,-0.222
176,8/18/18 8:15,105.619,28.754,-0.214
177,8/18/18 8:30,105.699,28.754,-0.206
178,8/18/18 8:45,105.811,28.754,-0.195
179,8/18/18 9:00,105.875,28.754,-0.189
180,8/18/18 9:15,105.891,28.754,-0.187
181,8/18/18 9:30,105.587,28.754,-0.217
182,8/18/18 9:45,105.587,28.754,-0.217
183,8/18/18 10:00,105.811,28.754,-0.195
184,8/18/18 10:15,105.539,28.754,-0.222
185,8/18/18 10:30,104.883,28.754,-0.288
186,8/18/18 10:45,104.659,28.754,-0.31
187,8/18/18 11:00,104.515,28.754,-0.324
188,8/18/18 11:15,104.483,28.754,-0.327
189,8/18/18 11:30,104.467,28.754,-0.329
190,8/18/18 11:45,104.463,28.655,-0.329
191,8/18/18 12:00,104.447,28.655,-0.331
192,8/18/18 12:15,104.415,28.655,-0.334
193,8/18/18 12:30,104.383,28.655,-0.337
194,8/18/18 12:45,104.351,28.655,-0.34
195,8/18/18 13:00,104.271,28.655,-0.348
196,8/18/18 13:15,104.255,28.655,-0.35
197,8/18/18 13:30,104.191,28.655,-0.356
198,8/18/18 13:45,104.127,28.655,-0.363
199,8/18/18 14:00,104.047,28.655,-0.371
200,8/18/18 14:15,104.016,28.655,-0.374
201,8/18/18 14:30,103.968,28.655,-0.379
202,8/18/18 14:45,103.952,28.655,-0.38
203,8/18/18 15:00,103.984,28.655,-0.377
204,8/18/18 15:15,103.952,28.655,-0.38
205,8/18/18 15:30,103.904,28.655,-0.385
206,8/18/18 15:45,103.92,28.655,-0.383
207,8/18/18 16:00,103.92,28.655,-0.383
208,8/18/18 16:15,103.904,28.655,-0.385
209,8/18/18 16:30,103.904,28.655,-0.385
210,8/18/18 16:45,103.888,28.655,-0.387
211,8/18/18 17:00,103.888,28.655,-0.387
212,8/18/18 17:15,103.904,28.655,-0.385
213,8/18/18 17:30,103.872,28.655,-0.388
214,8/18/18 17:45,103.872,28.655,-0.388
215,8/18/18 18:00,103.888,28.655,-0.387
216,8/18/18 18:15,103.872,28.655,-0.388
217,8/18/18 18:30,103.888,28.655,-0.387
218,8/18/18 18:45,103.888,28.655,-0.387
219,8/18/18 19:00,103.888,28.655,-0.387
220,8/18/18 19:15,103.904,28.655,-0.385
221,8/18/18 19:30,103.92,28.655,-0.383
222,8/18/18 19:45,103.92,28.655,-0.383
223,8/18/18 20:00,103.936,28.655,-0.382
224,8/18/18 20:15,103.952,28.655,-0.38
225,8/18/18 20:30,103.92,28.655,-0.383
226,8/18/18 20:45,103.936,28.655,-0.382
227,8/18/18 21:00,103.968,28.655,-0.379
228,8/18/18 21:15,103.984,28.655,-0.377
229,8/18/18 21:30,104,28.655,-0.375
230,8/18/18 21:45,103.984,28.655,-0.377
231,8/18/18 22:00,103.984,28.655,-0.377
232,8/18/18 22:15,103.936,28.655,-0.382
233,8/18/18 22:30,103.936,28.655,-0.382
234,8/18/18 22:45,103.904,28.655,-0.385
235,8/18/18 23:00,103.888,28.655,-0.387
236,8/18/18 23:15,103.872,28.655,-0.388
237,8/18/18 23:30,103.888,28.655,-0.387
238,8/18/18 23:45,103.852,28.555,-0.39
239,8/19/18 0:00,103.852,28.555,-0.39
240,8/19/18 0:15,103.836,28.555,-0.392
241,8/19/18 0:30,103.852,28.555,-0.39
242,8/19/18 0:45,103.836,28.555,-0.392
243,8/19/18 1:00,103.82,28.555,-0.393
244,8/19/18 1:15,103.82,28.555,-0.393
245,8/19/18 1:30,103.804,28.555,-0.395
246,8/19/18 1:45,103.8,28.456,-0.395
247,8/19/18 2:00,103.784,28.456,-0.397
248,8/19/18 2:15,103.784,28.456,-0.397
249,8/19/18 2:30,103.768,28.456,-0.398
250,8/19/18 2:45,103.736,28.456,-0.402
251,8/19/18 3:00,103.716,28.357,-0.404
252,8/19/18 3:15,103.684,28.357,-0.407
253,8/19/18 3:30,103.7,28.357,-0.405
254,8/19/18 3:45,103.7,28.357,-0.405
255,8/19/18 4:00,103.696,28.258,-0.406
256,8/19/18 4:15,103.68,28.258,-0.407
257,8/19/18 4:30,103.696,28.258,-0.406
258,8/19/18 4:45,103.696,28.258,-0.406
259,8/19/18 5:00,103.696,28.258,-0.406
260,8/19/18 5:15,103.677,28.159,-0.408
261,8/19/18 5:30,103.693,28.159,-0.406
262,8/19/18 5:45,103.701,27.961,-0.405
263,8/19/18 6:00,103.701,27.961,-0.405
264,8/19/18 6:15,103.713,27.862,-0.404
265,8/19/18 6:30,103.729,27.862,-0.402
266,8/19/18 6:45,103.729,27.862,-0.402
267,8/19/18 7:00,103.725,27.764,-0.403
268,8/19/18 7:15,103.725,27.764,-0.403
269,8/19/18 7:30,103.725,27.764,-0.403
270,8/19/18 7:45,103.741,27.764,-0.401
271,8/19/18 8:00,103.757,27.764,-0.4
272,8/19/18 8:15,103.805,27.764,-0.395
273,8/19/18 8:30,104.397,27.764,-0.336
274,8/19/18 8:45,104.924,27.764,-0.283
275,8/19/18 9:00,105.356,27.764,-0.24
276,8/19/18 9:15,105.756,27.764,-0.201
277,8/19/18 9:30,106.16,27.862,-0.16
278,8/19/18 9:45,106.496,27.862,-0.127
279,8/19/18 10:00,106.708,27.961,-0.106
280,8/19/18 10:15,106.788,27.961,-0.098
281,8/19/18 10:30,106.74,27.961,-0.103
282,8/19/18 10:45,106.58,27.961,-0.119
283,8/19/18 11:00,106.388,27.961,-0.138
284,8/19/18 11:15,106.26,27.961,-0.151
285,8/19/18 11:30,106.196,27.961,-0.157
286,8/19/18 11:45,106.1,27.961,-0.166
287,8/19/18 12:00,105.828,27.961,-0.194
288,8/19/18 12:15,105.38,27.961,-0.238
289,8/19/18 12:30,104.916,27.961,-0.284
290,8/19/18 12:45,104.516,27.961,-0.324
291,8/19/18 13:00,104.244,27.961,-0.351
292,8/19/18 13:15,104.005,27.961,-0.375
293,8/19/18 13:30,103.909,27.961,-0.384
294,8/19/18 13:45,103.861,27.961,-0.389
295,8/19/18 14:00,103.845,27.961,-0.391
296,8/19/18 14:15,103.829,27.961,-0.392
297,8/19/18 14:30,103.797,27.961,-0.396
298,8/19/18 14:45,103.765,27.961,-0.399
299,8/19/18 15:00,103.733,27.961,-0.402
300,8/19/18 15:15,103.685,27.961,-0.407
301,8/19/18 15:30,103.669,27.961,-0.408
302,8/19/18 15:45,103.653,27.961,-0.41
303,8/19/18 16:00,103.621,27.961,-0.413
304,8/19/18 16:15,103.573,27.961,-0.418
305,8/19/18 16:30,103.573,27.961,-0.418
306,8/19/18 16:45,103.561,28.06,-0.419
307,8/19/18 17:00,103.545,28.06,-0.421
308,8/19/18 17:15,103.545,28.06,-0.421
309,8/19/18 17:30,103.545,28.06,-0.421
310,8/19/18 17:45,103.529,28.06,-0.422
311,8/19/18 18:00,103.545,28.06,-0.421
312,8/19/18 18:15,103.545,28.06,-0.421
313,8/19/18 18:30,103.561,28.06,-0.419
314,8/19/18 18:45,103.561,28.06,-0.419
315,8/19/18 19:00,103.609,28.06,-0.414
316,8/19/18 19:15,103.597,28.159,-0.415
317,8/19/18 19:30,103.613,28.159,-0.414
318,8/19/18 19:45,103.645,28.159,-0.411
319,8/19/18 20:00,103.629,28.159,-0.412
320,8/19/18 20:15,103.645,28.159,-0.411
321,8/19/18 20:30,103.677,28.159,-0.408
322,8/19/18 20:45,103.693,28.159,-0.406
323,8/19/18 21:00,103.709,28.159,-0.404
324,8/19/18 21:15,103.728,28.258,-0.402
325,8/19/18 21:30,103.728,28.258,-0.402
326,8/19/18 21:45,103.76,28.258,-0.399
327,8/19/18 22:00,103.744,28.258,-0.401
328,8/19/18 22:15,103.76,28.258,-0.399
329,8/19/18 22:30,103.728,28.258,-0.402
330,8/19/18 22:45,103.728,28.258,-0.402
331,8/19/18 23:00,103.712,28.258,-0.404
332,8/19/18 23:15,103.744,28.258,-0.401
333,8/19/18 23:30,103.748,28.357,-0.4
334,8/19/18 23:45,103.716,28.357,-0.404
335,8/20/18 0:00,103.732,28.357,-0.402
336,8/20/18 0:15,103.716,28.357,-0.404
337,8/20/18 0:30,103.716,28.357,-0.404
338,8/20/18 0:45,103.732,28.357,-0.402
339,8/20/18 1:00,103.732,28.357,-0.402
340,8/20/18 1:15,103.7,28.357,-0.405
341,8/20/18 1:30,103.732,28.357,-0.402
342,8/20/18 1:45,103.684,28.357,-0.407
343,8/20/18 2:00,103.7,28.357,-0.405
344,8/20/18 2:15,103.716,28.357,-0.404
345,8/20/18 2:30,103.716,28.357,-0.404
346,8/20/18 2:45,103.716,28.357,-0.404
347,8/20/18 3:00,103.732,28.357,-0.402
348,8/20/18 3:15,103.732,28.357,-0.402
349,8/20/18 3:30,103.748,28.357,-0.4
350,8/20/18 3:45,103.732,28.357,-0.402
351,8/20/18 4:00,103.732,28.357,-0.402
352,8/20/18 4:15,103.732,28.357,-0.402
353,8/20/18 4:30,103.748,28.357,-0.4
354,8/20/18 4:45,103.732,28.357,-0.402
355,8/20/18 5:00,103.7,28.357,-0.405
356,8/20/18 5:15,103.716,28.357,-0.404
357,8/20/18 5:30,103.7,28.357,-0.405
358,8/20/18 5:45,103.696,28.258,-0.406
359,8/20/18 6:00,103.712,28.258,-0.404
360,8/20/18 6:15,103.728,28.258,-0.402
361,8/20/18 6:30,103.728,28.258,-0.402
362,8/20/18 6:45,103.792,28.258,-0.396
363,8/20/18 7:00,103.776,28.258,-0.398
364,8/20/18 7:15,103.744,28.258,-0.401
365,8/20/18 7:30,103.776,28.258,-0.398
366,8/20/18 7:45,103.776,28.258,-0.398
367,8/20/18 8:00,103.757,28.159,-0.4
368,8/20/18 8:15,103.773,28.159,-0.398
369,8/20/18 8:30,103.804,28.159,-0.395
370,8/20/18 8:45,103.84,28.258,-0.391
371,8/20/18 9:00,104,28.258,-0.375
372,8/20/18 9:15,104.895,28.258,-0.286
373,8/20/18 9:30,105.519,28.258,-0.224
374,8/20/18 9:45,106.015,28.258,-0.175
375,8/20/18 10:00,106.479,28.258,-0.129
376,8/20/18 10:15,106.848,28.258,-0.092
377,8/20/18 10:30,107.232,28.258,-0.054
378,8/20/18 10:45,107.633,28.258,-0.014
379,8/20/18 11:00,108.097,28.258,0.032
380,8/20/18 11:15,108.562,28.258,0.078
381,8/20/18 11:30,108.867,28.258,0.109
382,8/20/18 11:45,108.963,28.258,0.118
383,8/20/18 12:00,108.787,28.258,0.101
384,8/20/18 12:15,108.45,28.258,0.067
385,8/20/18 12:30,108.049,28.258,0.027
386,8/20/18 12:45,107.665,28.258,-0.011
387,8/20/18 13:00,107.248,28.258,-0.052
388,8/20/18 13:15,106.88,28.258,-0.089
389,8/20/18 13:30,106.591,28.258,-0.118
390,8/20/18 13:45,106.223,28.258,-0.154
391,8/20/18 14:00,105.663,28.258,-0.21
392,8/20/18 14:15,105.007,28.258,-0.275
393,8/20/18 14:30,104.332,28.159,-0.342
394,8/20/18 14:45,104.092,28.159,-0.366
395,8/20/18 15:00,104.012,28.159,-0.374
396,8/20/18 15:15,103.964,28.159,-0.379
397,8/20/18 15:30,103.932,28.159,-0.382
398,8/20/18 15:45,103.9,28.159,-0.385
399,8/20/18 16:00,103.916,28.159,-0.384
400,8/20/18 16:15,103.932,28.159,-0.382
401,8/20/18 16:30,103.868,28.159,-0.389
402,8/20/18 16:45,103.82,28.159,-0.393
403,8/20/18 17:00,103.789,28.159,-0.396
404,8/20/18 17:15,103.757,28.159,-0.4
405,8/20/18 17:30,103.757,28.159,-0.4
406,8/20/18 17:45,103.741,28.159,-0.401
407,8/20/18 18:00,103.741,28.159,-0.401
408,8/20/18 18:15,103.725,28.159,-0.403
409,8/20/18 18:30,103.725,28.159,-0.403
410,8/20/18 18:45,103.757,28.159,-0.4
411,8/20/18 19:00,103.741,28.159,-0.401
412,8/20/18 19:15,103.757,28.159,-0.4
413,8/20/18 19:30,103.773,28.159,-0.398
414,8/20/18 19:45,103.789,28.159,-0.396
415,8/20/18 20:00,103.82,28.159,-0.393
416,8/20/18 20:15,103.852,28.159,-0.39
417,8/20/18 20:30,103.868,28.159,-0.389
418,8/20/18 20:45,103.932,28.159,-0.382
419,8/20/18 21:00,103.884,28.159,-0.387
420,8/20/18 21:15,103.9,28.159,-0.385
421,8/20/18 21:30,103.916,28.159,-0.384
422,8/20/18 21:45,103.932,28.159,-0.382
423,8/20/18 22:00,103.948,28.159,-0.381
424,8/20/18 22:15,103.996,28.159,-0.376
425,8/20/18 22:30,104.076,28.159,-0.368
426,8/20/18 22:45,104.22,28.159,-0.353
427,8/20/18 23:00,104.172,28.159,-0.358
428,8/20/18 23:15,104.156,28.159,-0.36
429,8/20/18 23:30,104.124,28.159,-0.363
430,8/20/18 23:45,104.124,28.159,-0.363
431,8/21/18 0:00,104.14,28.159,-0.361
432,8/21/18 0:15,104.236,28.159,-0.352
433,8/21/18 0:30,104.236,28.159,-0.352
434,8/21/18 0:45,104.156,28.159,-0.36
435,8/21/18 1:00,104.12,28.06,-0.363
436,8/21/18 1:15,104.088,28.06,-0.367
437,8/21/18 1:30,104.024,28.06,-0.373
438,8/21/18 1:45,104.005,27.961,-0.375
439,8/21/18 2:00,103.957,27.961,-0.38
440,8/21/18 2:15,103.893,27.961,-0.386
441,8/21/18 2:30,103.889,27.862,-0.386
442,8/21/18 2:45,103.889,27.862,-0.386
443,8/21/18 3:00,103.873,27.862,-0.388
444,8/21/18 3:15,103.889,27.862,-0.386
445,8/21/18 3:30,103.853,27.764,-0.39
446,8/21/18 3:45,103.821,27.764,-0.393
447,8/21/18 4:00,103.805,27.764,-0.395
448,8/21/18 4:15,103.805,27.764,-0.395
449,8/21/18 4:30,103.821,27.764,-0.393
450,8/21/18 4:45,103.849,27.665,-0.39
451,8/21/18 5:00,103.849,27.665,-0.39
452,8/21/18 5:15,103.833,27.665,-0.392
453,8/21/18 5:30,103.849,27.665,-0.39
454,8/21/18 5:45,103.865,27.665,-0.389
455,8/21/18 6:00,103.849,27.665,-0.39
456,8/21/18 6:15,103.881,27.665,-0.387
457,8/21/18 6:30,103.881,27.665,-0.387
458,8/21/18 6:45,103.913,27.665,-0.384
459,8/21/18 7:00,103.925,27.567,-0.383
460,8/21/18 7:15,103.925,27.567,-0.383
461,8/21/18 7:30,103.941,27.567,-0.381
462,8/21/18 7:45,103.961,27.665,-0.379
463,8/21/18 8:00,103.945,27.665,-0.381
464,8/21/18 8:15,103.945,27.665,-0.381
465,8/21/18 8:30,103.929,27.665,-0.382
466,8/21/18 8:45,103.929,27.665,-0.382
467,8/21/18 9:00,103.929,27.665,-0.382
468,8/21/18 9:15,103.929,27.665,-0.382
469,8/21/18 9:30,103.945,27.665,-0.381
470,8/21/18 9:45,104.664,27.665,-0.309
471,8/21/18 10:00,105.608,27.665,-0.215
472,8/21/18 10:15,106.344,27.665,-0.142
473,8/21/18 10:30,106.824,27.665,-0.094
474,8/21/18 10:45,107.353,27.665,-0.042
475,8/21/18 11:00,107.913,27.665,0.014
476,8/21/18 11:15,108.442,27.665,0.067
477,8/21/18 11:30,109.083,27.665,0.13
478,8/21/18 11:45,109.661,27.665,0.188
479,8/21/18 12:00,110.206,27.665,0.242
480,8/21/18 12:15,110.543,27.665,0.276
481,8/21/18 12:30,110.656,27.665,0.287
482,8/21/18 12:45,110.495,27.665,0.271
483,8/21/18 13:00,110.142,27.665,0.236
484,8/21/18 13:15,109.773,27.665,0.199
485,8/21/18 13:30,109.308,27.665,0.153
486,8/21/18 13:45,108.811,27.665,0.103
487,8/21/18 14:00,108.282,27.665,0.051
488,8/21/18 14:15,107.721,27.665,-0.005
489,8/21/18 14:30,107.225,27.665,-0.055
490,8/21/18 14:45,106.792,27.665,-0.098
491,8/21/18 15:00,106.2,27.665,-0.157
492,8/21/18 15:15,105.464,27.665,-0.23
493,8/21/18 15:30,104.728,27.665,-0.303
494,8/21/18 15:45,104.105,27.665,-0.365
495,8/21/18 16:00,104.025,27.665,-0.373
496,8/21/18 16:15,104.009,27.665,-0.374
497,8/21/18 16:30,103.981,27.764,-0.377
498,8/21/18 16:45,103.981,27.764,-0.377
499,8/21/18 17:00,103.997,27.764,-0.376
500,8/21/18 17:15,103.981,27.764,-0.377
501,8/21/18 17:30,103.965,27.764,-0.379
502,8/21/18 17:45,103.949,27.764,-0.38
503,8/21/18 18:00,103.949,27.764,-0.38
504,8/21/18 18:15,103.965,27.764,-0.379
505,8/21/18 18:30,103.965,27.764,-0.379
506,8/21/18 18:45,103.949,27.764,-0.38
507,8/21/18 19:00,103.965,27.764,-0.379
508,8/21/18 19:15,103.981,27.764,-0.377
509,8/21/18 19:30,103.981,27.764,-0.377
510,8/21/18 19:45,103.997,27.764,-0.376
511,8/21/18 20:00,104.013,27.764,-0.374
512,8/21/18 20:15,104.029,27.764,-0.372
513,8/21/18 20:30,104.061,27.764,-0.369
514,8/21/18 20:45,104.061,27.764,-0.369
515,8/21/18 21:00,104.093,27.764,-0.366
516,8/21/18 21:15,104.093,27.764,-0.366
517,8/21/18 21:30,104.125,27.764,-0.363
518,8/21/18 21:45,104.125,27.764,-0.363
519,8/21/18 22:00,104.129,27.862,-0.363
520,8/21/18 22:15,104.177,27.862,-0.358
521,8/21/18 22:30,104.656,27.862,-0.31
522,8/21/18 22:45,104.64,27.862,-0.312
523,8/21/18 23:00,104.56,27.862,-0.32
524,8/21/18 23:15,104.4,27.862,-0.336
525,8/21/18 23:30,104.432,27.862,-0.332
526,8/21/18 23:45,104.256,27.862,-0.35
527,8/22/18 0:00,104.161,27.862,-0.359
528,8/22/18 0:15,104.272,27.862,-0.348
529,8/22/18 0:30,104.193,27.862,-0.356
530,8/22/18 0:45,104.113,27.862,-0.364
531,8/22/18 1:00,104.081,27.862,-0.367
532,8/22/18 1:15,104.081,27.862,-0.367
533,8/22/18 1:30,104.065,27.862,-0.369
534,8/22/18 1:45,104.049,27.862,-0.37
535,8/22/18 2:00,104.033,27.862,-0.372
536,8/22/18 2:15,104.001,27.862,-0.375
537,8/22/18 2:30,103.985,27.862,-0.377
538,8/22/18 2:45,104.001,27.862,-0.375
539,8/22/18 3:00,104.017,27.862,-0.374
540,8/22/18 3:15,104.001,27.862,-0.375
541,8/22/18 3:30,103.985,27.862,-0.377
542,8/22/18 3:45,103.953,27.862,-0.38
543,8/22/18 4:00,103.969,27.862,-0.378
544,8/22/18 4:15,103.953,27.862,-0.38
545,8/22/18 4:30,103.969,27.862,-0.378
546,8/22/18 4:45,104.001,27.862,-0.375
547,8/22/18 5:00,103.985,27.862,-0.377
548,8/22/18 5:15,103.969,27.862,-0.378
549,8/22/18 5:30,104.001,27.862,-0.375
550,8/22/18 5:45,104.017,27.862,-0.374
551,8/22/18 6:00,104.017,27.862,-0.374
552,8/22/18 6:15,104.049,27.862,-0.37
553,8/22/18 6:30,104.065,27.862,-0.369
554,8/22/18 6:45,104.081,27.862,-0.367
555,8/22/18 7:00,104.077,27.764,-0.368
556,8/22/18 7:15,104.109,27.764,-0.365
557,8/22/18 7:30,104.125,27.764,-0.363
558,8/22/18 7:45,104.125,27.764,-0.363
559,8/22/18 8:00,104.109,27.764,-0.365
560,8/22/18 8:15,104.109,27.764,-0.365
561,8/22/18 8:30,104.125,27.764,-0.363
562,8/22/18 8:45,104.109,27.764,-0.365
563,8/22/18 9:00,104.109,27.764,-0.365
564,8/22/18 9:15,104.109,27.764,-0.365
565,8/22/18 9:30,104.109,27.764,-0.365
566,8/22/18 9:45,104.109,27.764,-0.365
567,8/22/18 10:00,104.125,27.764,-0.363
568,8/22/18 10:15,104.924,27.764,-0.283
569,8/22/18 10:30,106.124,27.764,-0.164
570,8/22/18 10:45,106.908,27.764,-0.086
571,8/22/18 11:00,107.613,27.764,-0.016
572,8/22/18 11:15,108.366,27.764,0.059
573,8/22/18 11:30,109.2,27.764,0.142
574,8/22/18 11:45,109.986,27.764,0.22
575,8/22/18 12:00,110.644,27.764,0.286
576,8/22/18 12:15,111.254,27.764,0.346
577,8/22/18 12:30,111.643,27.862,0.385
578,8/22/18 12:45,111.948,27.862,0.415
579,8/22/18 13:00,112.061,27.862,0.427
580,8/22/18 13:15,111.916,27.862,0.412
581,8/22/18 13:30,111.499,27.862,0.371
582,8/22/18 13:45,111.005,27.961,0.322
583,8/22/18 14:00,110.459,27.961,0.267
584,8/22/18 14:15,109.897,27.961,0.211
585,8/22/18 14:30,109.288,27.961,0.151
586,8/22/18 14:45,108.646,27.961,0.087
587,8/22/18 15:00,108.005,27.961,0.023
588,8/22/18 15:15,107.364,27.961,-0.041
589,8/22/18 15:30,106.772,27.961,-0.1
590,8/22/18 15:45,105.924,27.961,-0.184
591,8/22/18 16:00,104.996,27.961,-0.276
592,8/22/18 16:15,104.228,27.961,-0.353
593,8/22/18 16:30,104.084,27.961,-0.367
594,8/22/18 16:45,104.065,27.862,-0.369
595,8/22/18 17:00,104.065,27.862,-0.369
596,8/22/18 17:15,104.065,27.862,-0.369
597,8/22/18 17:30,104.049,27.862,-0.37
598,8/22/18 17:45,104.017,27.862,-0.374
599,8/22/18 18:00,104.017,27.862,-0.374
600,8/22/18 18:15,104.033,27.862,-0.372
601,8/22/18 18:30,104.017,27.862,-0.374
602,8/22/18 18:45,104.021,27.961,-0.373
603,8/22/18 19:00,104.037,27.961,-0.372
604,8/22/18 19:15,104.037,27.961,-0.372
605,8/22/18 19:30,104.037,27.961,-0.372
606,8/22/18 19:45,104.069,27.961,-0.369
607,8/22/18 20:00,104.084,27.961,-0.367
608,8/22/18 20:15,104.084,27.961,-0.367
609,8/22/18 20:30,104.116,27.961,-0.364
610,8/22/18 20:45,104.116,27.961,-0.364
611,8/22/18 21:00,104.132,27.961,-0.362
612,8/22/18 21:15,104.116,27.961,-0.364
613,8/22/18 21:30,104.132,27.961,-0.362
614,8/22/18 21:45,104.148,27.961,-0.361
615,8/22/18 22:00,104.148,27.961,-0.361
616,8/22/18 22:15,104.148,27.961,-0.361
617,8/22/18 22:30,104.26,27.961,-0.35
618,8/22/18 22:45,104.968,28.06,-0.279
619,8/22/18 23:00,105.479,28.06,-0.228
620,8/22/18 23:15,105.927,28.06,-0.184
621,8/22/18 23:30,106.171,28.159,-0.159
622,8/22/18 23:45,106.315,28.159,-0.145
623,8/23/18 0:00,106.347,28.159,-0.142
624,8/23/18 0:15,106.267,28.159,-0.15
625,8/23/18 0:30,106.139,28.159,-0.163
626,8/23/18 0:45,105.835,28.159,-0.193
627,8/23/18 1:00,105.435,28.159,-0.233
628,8/23/18 1:15,104.888,28.06,-0.287
629,8/23/18 1:30,104.344,28.06,-0.341
630,8/23/18 1:45,104.216,28.06,-0.354
631,8/23/18 2:00,104.2,28.06,-0.355
632,8/23/18 2:15,104.168,28.06,-0.359
633,8/23/18 2:30,104.168,28.06,-0.359
634,8/23/18 2:45,104.136,28.06,-0.362
635,8/23/18 3:00,104.104,28.06,-0.365
636,8/23/18 3:15,104.088,28.06,-0.367
637,8/23/18 3:30,104.072,28.06,-0.368
638,8/23/18 3:45,104.072,28.06,-0.368
639,8/23/18 4:00,104.04,28.06,-0.371
640,8/23/18 4:15,104.04,28.06,-0.371
641,8/23/18 4:30,104.072,28.06,-0.368
642,8/23/18 4:45,104.056,28.06,-0.37
643,8/23/18 5:00,104.072,28.06,-0.368
644,8/23/18 5:15,104.088,28.06,-0.367
645,8/23/18 5:30,104.088,28.06,-0.367
646,8/23/18 5:45,104.136,28.06,-0.362
647,8/23/18 6:00,104.152,28.06,-0.36
648,8/23/18 6:15,104.152,28.06,-0.36
649,8/23/18 6:30,104.168,28.06,-0.359
650,8/23/18 6:45,104.168,28.06,-0.359
651,8/23/18 7:00,104.184,28.06,-0.357
652,8/23/18 7:15,104.184,28.06,-0.357
653,8/23/18 7:30,104.184,28.06,-0.357
654,8/23/18 7:45,104.184,28.06,-0.357
655,8/23/18 8:00,104.184,28.06,-0.357
656,8/23/18 8:15,104.2,28.06,-0.355
657,8/23/18 8:30,104.184,28.06,-0.357
658,8/23/18 8:45,104.184,28.06,-0.357
659,8/23/18 9:00,104.2,28.06,-0.355
660,8/23/18 9:15,104.2,28.06,-0.355
661,8/23/18 9:30,104.2,28.06,-0.355
662,8/23/18 9:45,104.184,28.06,-0.357
663,8/23/18 10:00,104.2,28.06,-0.355
664,8/23/18 10:15,104.184,28.06,-0.357
665,8/23/18 10:30,104.184,28.06,-0.357
666,8/23/18 10:45,105.24,28.06,-0.252
667,8/23/18 11:00,106.424,28.06,-0.134
668,8/23/18 11:15,107.224,28.06,-0.055
669,8/23/18 11:30,108.041,28.06,0.027
670,8/23/18 11:45,108.891,28.06,0.111
671,8/23/18 12:00,109.901,28.06,0.212
672,8/23/18 12:15,110.832,28.06,0.304
673,8/23/18 12:30,111.715,28.06,0.392
674,8/23/18 12:45,112.422,28.06,0.462
675,8/23/18 13:00,112.973,28.159,0.517
676,8/23/18 13:15,113.311,28.159,0.551
677,8/23/18 13:30,113.359,28.159,0.556
678,8/23/18 13:45,112.993,28.258,0.519
679,8/23/18 14:00,112.286,28.258,0.449
680,8/23/18 14:15,111.547,28.258,0.375
681,8/23/18 14:30,110.792,28.258,0.3
682,8/23/18 14:45,110.102,28.258,0.232
683,8/23/18 15:00,109.444,28.258,0.166
684,8/23/18 15:15,108.819,28.258,0.104
685,8/23/18 15:30,108.193,28.258,0.042
686,8/23/18 15:45,107.552,28.258,-0.022
687,8/23/18 16:00,106.96,28.258,-0.081
688,8/23/18 16:15,106.303,28.258,-0.146
689,8/23/18 16:30,105.359,28.258,-0.24
690,8/23/18 16:45,104.48,28.258,-0.328
691,8/23/18 17:00,104.076,28.159,-0.368
692,8/23/18 17:15,104.028,28.159,-0.373
693,8/23/18 17:30,104.012,28.159,-0.374
694,8/23/18 17:45,103.996,28.159,-0.376
695,8/23/18 18:00,103.976,28.06,-0.378
696,8/23/18 18:15,103.944,28.06,-0.381
697,8/23/18 18:30,103.96,28.06,-0.379
698,8/23/18 18:45,103.96,28.06,-0.379
699,8/23/18 19:00,103.976,28.06,-0.378
700,8/23/18 19:15,103.98,28.159,-0.377
701,8/23/18 19:30,103.996,28.159,-0.376
702,8/23/18 19:45,103.98,28.159,-0.377
703,8/23/18 20:00,103.98,28.159,-0.377
704,8/23/18 20:15,103.996,28.159,-0.376
705,8/23/18 20:30,103.996,28.159,-0.376
706,8/23/18 20:45,104.012,28.159,-0.374
707,8/23/18 21:00,103.996,28.159,-0.376
708,8/23/18 21:15,103.996,28.159,-0.376
709,8/23/18 21:30,104.012,28.159,-0.374
710,8/23/18 21:45,104.028,28.159,-0.373
711,8/23/18 22:00,104.028,28.159,-0.373
712,8/23/18 22:15,104.028,28.159,-0.373
713,8/23/18 22:30,104.044,28.159,-0.371
714,8/23/18 22:45,104.204,28.159,-0.355
715,8/23/18 23:00,104.959,28.258,-0.28
716,8/23/18 23:15,105.567,28.258,-0.219
717,8/23/18 23:30,106.127,28.258,-0.164
718,8/23/18 23:45,106.527,28.258,-0.124
719,8/24/18 0:00,106.82,28.357,-0.095
720,8/24/18 0:15,107.028,28.357,-0.074
721,8/24/18 0:30,107.204,28.357,-0.057
722,8/24/18 0:45,107.268,28.357,-0.05
723,8/24/18 1:00,107.156,28.357,-0.061
724,8/24/18 1:15,106.948,28.357,-0.082
725,8/24/18 1:30,106.691,28.357,-0.108
726,8/24/18 1:45,106.195,28.357,-0.157
727,8/24/18 2:00,105.555,28.357,-0.221
728,8/24/18 2:15,104.787,28.357,-0.297
729,8/24/18 2:30,104.144,28.258,-0.361
730,8/24/18 2:45,104.096,28.258,-0.366
731,8/24/18 3:00,104.064,28.258,-0.369
732,8/24/18 3:15,104.028,28.159,-0.373
733,8/24/18 3:30,104.012,28.159,-0.374
734,8/24/18 3:45,103.98,28.159,-0.377
735,8/24/18 4:00,103.948,28.159,-0.381
736,8/24/18 4:15,103.932,28.159,-0.382
737,8/24/18 4:30,103.916,28.159,-0.384
738,8/24/18 4:45,103.916,28.159,-0.384
739,8/24/18 5:00,103.932,28.159,-0.382
740,8/24/18 5:15,103.932,28.159,-0.382
741,8/24/18 5:30,103.932,28.159,-0.382
742,8/24/18 5:45,103.948,28.159,-0.381
743,8/24/18 6:00,103.964,28.159,-0.379
744,8/24/18 6:15,103.964,28.159,-0.379
745,8/24/18 6:30,103.964,28.159,-0.379
746,8/24/18 6:45,103.948,28.159,-0.381
747,8/24/18 7:00,103.98,28.159,-0.377
748,8/24/18 7:15,103.98,28.159,-0.377
749,8/24/18 7:30,103.996,28.159,-0.376
750,8/24/18 7:45,103.996,28.159,-0.376
751,8/24/18 8:00,103.996,28.159,-0.376
752,8/24/18 8:15,104.012,28.159,-0.374
753,8/24/18 8:30,104.012,28.159,-0.374
754,8/24/18 8:45,104.012,28.159,-0.374
755,8/24/18 9:00,104.012,28.159,-0.374
756,8/24/18 9:15,104.012,28.159,-0.374
757,8/24/18 9:30,104.028,28.159,-0.373
758,8/24/18 9:45,104.012,28.159,-0.374
759,8/24/18 10:00,104.028,28.159,-0.373
760,8/24/18 10:15,103.996,28.159,-0.376
761,8/24/18 10:30,103.98,28.159,-0.377
762,8/24/18 10:45,103.98,28.159,-0.377
763,8/24/18 11:00,103.98,28.159,-0.377
764,8/24/18 11:15,105.755,28.159,-0.201
765,8/24/18 11:30,106.764,28.159,-0.1
766,8/24/18 11:45,107.629,28.159,-0.014
767,8/24/18 12:00,108.51,28.159,0.073
768,8/24/18 12:15,109.649,28.159,0.187
769,8/24/18 12:30,110.676,28.159,0.289
770,8/24/18 12:45,111.687,28.159,0.389
771,8/24/18 13:00,112.527,28.258,0.473
772,8/24/18 13:15,113.202,28.258,0.54
773,8/24/18 13:30,113.62,28.258,0.582
774,8/24/18 13:45,113.673,28.357,0.587
775,8/24/18 14:00,113.399,28.357,0.56
776,8/24/18 14:15,112.808,28.456,0.501
777,8/24/18 14:30,112.069,28.456,0.427
778,8/24/18 14:45,111.314,28.456,0.352
779,8/24/18 15:00,110.624,28.456,0.284
780,8/24/18 15:15,109.917,28.456,0.213
781,8/24/18 15:30,109.243,28.456,0.146
782,8/24/18 15:45,108.554,28.456,0.078
783,8/24/18 16:00,107.865,28.456,0.009
784,8/24/18 16:15,107.208,28.456,-0.056
785,8/24/18 16:30,106.551,28.456,-0.122
786,8/24/18 16:45,105.799,28.456,-0.196
787,8/24/18 17:00,104.855,28.456,-0.29
788,8/24/18 17:15,104.056,28.456,-0.37
789,8/24/18 17:30,103.812,28.357,-0.394
790,8/24/18 17:45,103.776,28.258,-0.398
791,8/24/18 18:00,103.744,28.258,-0.401
792,8/24/18 18:15,103.728,28.258,-0.402
793,8/24/18 18:30,103.728,28.258,-0.402
794,8/24/18 18:45,103.712,28.258,-0.404
795,8/24/18 19:00,103.696,28.258,-0.406
796,8/24/18 19:15,103.712,28.258,-0.404
797,8/24/18 19:30,103.744,28.258,-0.401
798,8/24/18 19:45,103.76,28.258,-0.399
799,8/24/18 20:00,103.776,28.258,-0.398
800,8/24/18 20:15,103.792,28.258,-0.396
801,8/24/18 20:30,103.792,28.258,-0.396
802,8/24/18 20:45,103.808,28.258,-0.394
803,8/24/18 21:00,103.824,28.258,-0.393
804,8/24/18 21:15,103.84,28.258,-0.391
805,8/24/18 21:30,103.824,28.258,-0.393
806,8/24/18 21:45,103.824,28.258,-0.393
807,8/24/18 22:00,103.84,28.258,-0.391
808,8/24/18 22:15,103.84,28.258,-0.391
809,8/24/18 22:30,103.856,28.258,-0.39
810,8/24/18 22:45,103.856,28.258,-0.39
811,8/24/18 23:00,103.872,28.258,-0.388
812,8/24/18 23:15,104.659,28.357,-0.31
813,8/24/18 23:30,105.427,28.357,-0.233
814,8/24/18 23:45,106.099,28.357,-0.167
815,8/25/18 0:00,106.647,28.456,-0.112
816,8/25/18 0:15,107.128,28.456,-0.064
817,8/25/18 0:30,107.528,28.456,-0.024
818,8/25/18 0:45,107.897,28.456,0.012
819,8/25/18 1:00,108.201,28.456,0.043
820,8/25/18 1:15,108.33,28.456,0.055
821,8/25/18 1:30,108.33,28.456,0.055
822,8/25/18 1:45,108.121,28.456,0.035
823,8/25/18 2:00,107.769,28.456,0
824,8/25/18 2:15,107.288,28.456,-0.048
825,8/25/18 2:30,106.759,28.456,-0.101
826,8/25/18 2:45,106.103,28.456,-0.166
827,8/25/18 3:00,105.239,28.456,-0.252
828,8/25/18 3:15,104.359,28.456,-0.34
829,8/25/18 3:30,103.94,28.357,-0.381
830,8/25/18 3:45,103.908,28.357,-0.385
831,8/25/18 4:00,103.876,28.357,-0.388
832,8/25/18 4:15,103.872,28.258,-0.388
833,8/25/18 4:30,103.872,28.258,-0.388
834,8/25/18 4:45,103.856,28.258,-0.39
835,8/25/18 5:00,103.856,28.258,-0.39
836,8/25/18 5:15,103.856,28.258,-0.39
837,8/25/18 5:30,103.856,28.258,-0.39
838,8/25/18 5:45,103.872,28.258,-0.388
839,8/25/18 6:00,103.888,28.258,-0.387
840,8/25/18 6:15,103.888,28.258,-0.387
841,8/25/18 6:30,103.888,28.258,-0.387
842,8/25/18 6:45,103.92,28.258,-0.383
843,8/25/18 7:00,103.888,28.258,-0.387
844,8/25/18 7:15,103.904,28.258,-0.385
845,8/25/18 7:30,103.92,28.258,-0.383
846,8/25/18 7:45,103.92,28.258,-0.383
847,8/25/18 8:00,103.92,28.258,-0.383
848,8/25/18 8:15,103.936,28.258,-0.382
849,8/25/18 8:30,103.92,28.258,-0.383
850,8/25/18 8:45,103.936,28.258,-0.382
851,8/25/18 9:00,103.92,28.258,-0.383
852,8/25/18 9:15,103.952,28.258,-0.38
853,8/25/18 9:30,103.952,28.258,-0.38
854,8/25/18 9:45,103.952,28.258,-0.38
855,8/25/18 10:00,103.952,28.258,-0.38
856,8/25/18 10:15,103.952,28.258,-0.38
857,8/25/18 10:30,103.952,28.258,-0.38
858,8/25/18 10:45,103.952,28.258,-0.38
859,8/25/18 11:00,103.92,28.258,-0.383
860,8/25/18 11:15,103.904,28.258,-0.385
861,8/25/18 11:30,103.92,28.258,-0.383
862,8/25/18 11:45,105.807,28.258,-0.196
863,8/25/18 12:00,106.772,28.357,-0.1
864,8/25/18 12:15,107.636,28.357,-0.014
865,8/25/18 12:30,108.55,28.357,0.077
866,8/25/18 12:45,109.689,28.357,0.191
867,8/25/18 13:00,110.812,28.357,0.302
868,8/25/18 13:15,111.969,28.357,0.417
869,8/25/18 13:30,112.965,28.357,0.517
870,8/25/18 13:45,113.709,28.456,0.591
871,8/25/18 14:00,114.095,28.456,0.629
872,8/25/18 14:15,114.115,28.555,0.631
873,8/25/18 14:30,113.798,28.655,0.599
874,8/25/18 14:45,113.154,28.655,0.535
875,8/25/18 15:00,112.334,28.655,0.454
876,8/25/18 15:15,111.515,28.655,0.372
877,8/25/18 15:30,110.712,28.655,0.292
878,8/25/18 15:45,109.925,28.655,0.214
879,8/25/18 16:00,109.139,28.655,0.136
880,8/25/18 16:15,108.418,28.655,0.064
881,8/25/18 16:30,107.68,28.655,-0.009
882,8/25/18 16:45,107.008,28.655,-0.076
883,8/25/18 17:00,106.319,28.655,-0.145
884,8/25/18 17:15,105.359,28.655,-0.24
885,8/25/18 17:30,104.463,28.655,-0.329
886,8/25/18 17:45,104,28.655,-0.375
887,8/25/18 18:00,103.944,28.456,-0.381
888,8/25/18 18:15,103.912,28.456,-0.384
889,8/25/18 18:30,103.896,28.456,-0.386
890,8/25/18 18:45,103.928,28.456,-0.383
891,8/25/18 19:00,103.928,28.456,-0.383
892,8/25/18 19:15,103.908,28.357,-0.385
893,8/25/18 19:30,103.912,28.456,-0.384
894,8/25/18 19:45,103.912,28.456,-0.384
895,8/25/18 20:00,103.912,28.456,-0.384
896,8/25/18 20:15,103.912,28.456,-0.384
897,8/25/18 20:30,103.912,28.456,-0.384
898,8/25/18 20:45,103.96,28.456,-0.379
899,8/25/18 21:00,103.96,28.456,-0.379
900,8/25/18 21:15,103.976,28.456,-0.378
901,8/25/18 21:30,103.976,28.456,-0.378
902,8/25/18 21:45,103.992,28.456,-0.376
903,8/25/18 22:00,103.992,28.456,-0.376
904,8/25/18 22:15,103.992,28.456,-0.376
905,8/25/18 22:30,104.008,28.456,-0.375
906,8/25/18 22:45,103.992,28.456,-0.376
907,8/25/18 23:00,104.008,28.456,-0.375
908,8/25/18 23:15,104.008,28.456,-0.375
909,8/25/18 23:30,104.024,28.456,-0.373
910,8/25/18 23:45,104.743,28.456,-0.301
911,8/26/18 0:00,105.691,28.555,-0.207
912,8/26/18 0:15,106.411,28.555,-0.136
913,8/26/18 0:30,106.972,28.555,-0.08
914,8/26/18 0:45,107.58,28.555,-0.019
915,8/26/18 1:00,108.077,28.555,0.03
916,8/26/18 1:15,108.574,28.555,0.08
917,8/26/18 1:30,108.947,28.655,0.117
918,8/26/18 1:45,109.107,28.655,0.133
919,8/26/18 2:00,109.075,28.655,0.13
920,8/26/18 2:15,108.899,28.655,0.112
921,8/26/18 2:30,108.546,28.655,0.077
922,8/26/18 2:45,108.033,28.655,0.026
923,8/26/18 3:00,107.472,28.655,-0.03
924,8/26/18 3:15,106.895,28.655,-0.087
925,8/26/18 3:30,106.255,28.655,-0.151
926,8/26/18 3:45,105.355,28.555,-0.241
927,8/26/18 4:00,104.475,28.555,-0.328
928,8/26/18 4:15,104.108,28.555,-0.365
929,8/26/18 4:30,104.072,28.456,-0.368
930,8/26/18 4:45,104.072,28.456,-0.368
931,8/26/18 5:00,104.072,28.456,-0.368
932,8/26/18 5:15,104.072,28.456,-0.368
933,8/26/18 5:30,104.072,28.456,-0.368
934,8/26/18 5:45,104.056,28.456,-0.37
935,8/26/18 6:00,104.072,28.456,-0.368
936,8/26/18 6:15,104.072,28.456,-0.368
937,8/26/18 6:30,104.072,28.456,-0.368
938,8/26/18 6:45,104.072,28.456,-0.368
939,8/26/18 7:00,104.088,28.456,-0.367
940,8/26/18 7:15,104.056,28.456,-0.37
941,8/26/18 7:30,104.072,28.456,-0.368
942,8/26/18 7:45,104.056,28.456,-0.37
943,8/26/18 8:00,104.056,28.456,-0.37
944,8/26/18 8:15,104.072,28.456,-0.368
945,8/26/18 8:30,104.088,28.456,-0.367
946,8/26/18 8:45,104.104,28.456,-0.365
947,8/26/18 9:00,104.088,28.456,-0.367
948,8/26/18 9:15,104.088,28.456,-0.367
949,8/26/18 9:30,104.088,28.456,-0.367
950,8/26/18 9:45,104.088,28.456,-0.367
951,8/26/18 10:00,104.088,28.456,-0.367
952,8/26/18 10:15,104.104,28.456,-0.365
953,8/26/18 10:30,104.056,28.456,-0.37
954,8/26/18 10:45,104.072,28.456,-0.368
955,8/26/18 11:00,104.072,28.456,-0.368
956,8/26/18 11:15,104.04,28.456,-0.371
957,8/26/18 11:30,104.04,28.456,-0.371
958,8/26/18 11:45,104.04,28.456,-0.371
959,8/26/18 12:00,104.775,28.456,-0.298
960,8/26/18 12:15,106.295,28.456,-0.147
961,8/26/18 12:30,107.16,28.456,-0.061
962,8/26/18 12:45,108.057,28.456,0.028
963,8/26/18 13:00,109.083,28.456,0.13
964,8/26/18 13:15,110.302,28.456,0.252
965,8/26/18 13:30,111.459,28.456,0.367
966,8/26/18 13:45,112.539,28.555,0.474
967,8/26/18 14:00,113.263,28.555,0.546
968,8/26/18 14:15,113.761,28.555,0.596
969,8/26/18 14:30,113.926,28.655,0.612
970,8/26/18 14:45,113.673,28.754,0.587
971,8/26/18 15:00,113.03,28.754,0.523
972,8/26/18 15:15,112.226,28.754,0.443
973,8/26/18 15:30,111.459,28.853,0.367
974,8/26/18 15:45,110.72,28.853,0.293
975,8/26/18 16:00,109.966,28.853,0.218
976,8/26/18 16:15,109.227,28.853,0.145
977,8/26/18 16:30,108.486,28.754,0.071
978,8/26/18 16:45,107.781,28.754,0.001
979,8/26/18 17:00,107.092,28.754,-0.068
980,8/26/18 17:15,106.451,28.754,-0.132
981,8/26/18 17:30,105.507,28.754,-0.225
982,8/26/18 17:45,104.599,28.853,-0.316
983,8/26/18 18:00,104.019,28.754,-0.373
984,8/26/18 18:15,103.936,28.655,-0.382
985,8/26/18 18:30,103.9,28.555,-0.385
986,8/26/18 18:45,103.9,28.555,-0.385
987,8/26/18 19:00,103.884,28.555,-0.387
988,8/26/18 19:15,103.868,28.555,-0.389
989,8/26/18 19:30,103.884,28.555,-0.387
990,8/26/18 19:45,103.884,28.555,-0.387
991,8/26/18 20:00,103.884,28.555,-0.387
992,8/26/18 20:15,103.884,28.555,-0.387
993,8/26/18 20:30,103.884,28.555,-0.387
994,8/26/18 20:45,103.916,28.555,-0.384
995,8/26/18 21:00,103.9,28.555,-0.385
996,8/26/18 21:15,103.916,28.555,-0.384
997,8/26/18 21:30,103.916,28.555,-0.384
998,8/26/18 21:45,103.916,28.555,-0.384
999,8/26/18 22:00,103.916,28.555,-0.384
1000,8/26/18 22:15,103.9,28.555,-0.385
1001,8/26/18 22:30,103.9,28.555,-0.385
1002,8/26/18 22:45,103.868,28.555,-0.389
1003,8/26/18 23:00,103.884,28.555,-0.387
1004,8/26/18 23:15,103.868,28.555,-0.389
1005,8/26/18 23:30,103.852,28.555,-0.39
1006,8/26/18 23:45,103.868,28.555,-0.389
1007,8/27/18 0:00,103.868,28.555,-0.389
1008,8/27/18 0:15,105.295,28.655,-0.247
1009,8/27/18 0:30,106.159,28.655,-0.161
1010,8/27/18 0:45,106.831,28.655,-0.094
1011,8/27/18 1:00,107.536,28.655,-0.024
1012,8/27/18 1:15,108.197,28.754,0.042
1013,8/27/18 1:30,108.903,28.754,0.112
1014,8/27/18 1:45,109.544,28.754,0.176
1015,8/27/18 2:00,110.138,28.754,0.235
1016,8/27/18 2:15,110.395,28.754,0.261
1017,8/27/18 2:30,110.331,28.754,0.254
1018,8/27/18 2:45,109.913,28.754,0.213
1019,8/27/18 3:00,109.336,28.754,0.155
1020,8/27/18 3:15,108.694,28.754,0.092
1021,8/27/18 3:30,108.021,28.754,0.025
1022,8/27/18 3:45,107.412,28.754,-0.036
1023,8/27/18 4:00,106.787,28.754,-0.098
1024,8/27/18 4:15,106.051,28.754,-0.171
1025,8/27/18 4:30,105.091,28.754,-0.267
1026,8/27/18 4:45,104.239,28.655,-0.352
1027,8/27/18 5:00,104,28.655,-0.375
1028,8/27/18 5:15,103.964,28.555,-0.379
1029,8/27/18 5:30,103.964,28.555,-0.379
1030,8/27/18 5:45,103.964,28.555,-0.379
1031,8/27/18 6:00,103.964,28.555,-0.379
1032,8/27/18 6:15,103.964,28.555,-0.379
1033,8/27/18 6:30,103.948,28.555,-0.381
1034,8/27/18 6:45,103.964,28.555,-0.379
1035,8/27/18 7:00,103.964,28.555,-0.379
1036,8/27/18 7:15,103.948,28.555,-0.381
1037,8/27/18 7:30,103.98,28.555,-0.377
1038,8/27/18 7:45,103.964,28.555,-0.379
1039,8/27/18 8:00,103.98,28.555,-0.377
1040,8/27/18 8:15,103.98,28.555,-0.377
1041,8/27/18 8:30,103.98,28.555,-0.377
1042,8/27/18 8:45,103.98,28.555,-0.377
1043,8/27/18 9:00,103.996,28.555,-0.376
1044,8/27/18 9:15,103.98,28.555,-0.377
1045,8/27/18 9:30,103.996,28.555,-0.376
1046,8/27/18 9:45,103.992,28.456,-0.376
1047,8/27/18 10:00,104.012,28.555,-0.374
1048,8/27/18 10:15,103.996,28.555,-0.376
1049,8/27/18 10:30,103.976,28.456,-0.378
1050,8/27/18 10:45,103.992,28.456,-0.376
1051,8/27/18 11:00,103.96,28.456,-0.379
1052,8/27/18 11:15,103.944,28.456,-0.381
1053,8/27/18 11:30,103.928,28.456,-0.383
1054,8/27/18 11:45,103.912,28.456,-0.384
1055,8/27/18 12:00,103.88,28.456,-0.387
1056,8/27/18 12:15,103.896,28.456,-0.386
1057,8/27/18 12:30,105.591,28.456,-0.217
1058,8/27/18 12:45,106.647,28.456,-0.112
1059,8/27/18 13:00,107.548,28.555,-0.022
1060,8/27/18 13:15,108.458,28.456,0.068
1061,8/27/18 13:30,109.632,28.555,0.185
1062,8/27/18 13:45,110.836,28.555,0.305
1063,8/27/18 14:00,111.977,28.555,0.418
1064,8/27/18 14:15,112.941,28.555,0.514
1065,8/27/18 14:30,113.733,28.655,0.593
1066,8/27/18 14:45,114.345,28.655,0.654
1067,8/27/18 15:00,114.59,28.754,0.678
1068,8/27/18 15:15,114.418,28.853,0.661
1069,8/27/18 15:30,113.709,28.853,0.591
1070,8/27/18 15:45,112.744,28.853,0.495
1071,8/27/18 16:00,111.784,28.953,0.399
1072,8/27/18 16:15,110.836,28.953,0.305
1073,8/27/18 16:30,109.949,28.853,0.216
1074,8/27/18 16:45,109.099,28.853,0.132
1075,8/27/18 17:00,108.281,28.853,0.051
1076,8/27/18 17:15,107.512,28.853,-0.026
1077,8/27/18 17:30,106.823,28.853,-0.095
1078,8/27/18 17:45,106.151,28.853,-0.161
1079,8/27/18 18:00,105.143,28.853,-0.262
1080,8/27/18 18:15,104.263,28.853,-0.349
1081,8/27/18 18:30,103.86,28.754,-0.389
1082,8/27/18 18:45,103.792,28.655,-0.396
1083,8/27/18 19:00,103.76,28.655,-0.399
1084,8/27/18 19:15,103.776,28.655,-0.398
1085,8/27/18 19:30,103.756,28.555,-0.4
1086,8/27/18 19:45,103.74,28.555,-0.401
1087,8/27/18 20:00,103.74,28.555,-0.401
1088,8/27/18 20:15,103.756,28.555,-0.4
1089,8/27/18 20:30,103.776,28.655,-0.398
1090,8/27/18 20:45,103.788,28.555,-0.396
1091,8/27/18 21:00,103.808,28.655,-0.394
1092,8/27/18 21:15,103.808,28.655,-0.394
1093,8/27/18 21:30,103.808,28.655,-0.394
1094,8/27/18 21:45,103.824,28.655,-0.393
1095,8/27/18 22:00,103.808,28.655,-0.394
1096,8/27/18 22:15,103.824,28.655,-0.393
1097,8/27/18 22:30,103.808,28.655,-0.394
1098,8/27/18 22:45,103.808,28.655,-0.394
1099,8/27/18 23:00,103.808,28.655,-0.394
1100,8/27/18 23:15,103.792,28.655,-0.396
1101,8/27/18 23:30,103.808,28.655,-0.394
1102,8/27/18 23:45,103.792,28.655,-0.396
1103,8/28/18 0:00,103.792,28.655,-0.396
1104,8/28/18 0:15,103.792,28.655,-0.396
1105,8/28/18 0:30,103.888,28.655,-0.387
1106,8/28/18 0:45,105.375,28.655,-0.239
1107,8/28/18 1:00,106.191,28.655,-0.157
1108,8/28/18 1:15,106.851,28.754,-0.092
1109,8/28/18 1:30,107.556,28.754,-0.022
1110,8/28/18 1:45,108.293,28.754,0.052
1111,8/28/18 2:00,109.127,28.754,0.135
1112,8/28/18 2:15,109.833,28.754,0.205
1113,8/28/18 2:30,110.427,28.754,0.264
1114,8/28/18 2:45,110.7,28.754,0.291
1115,8/28/18 3:00,110.668,28.754,0.288
1116,8/28/18 3:15,110.347,28.754,0.256
1117,8/28/18 3:30,109.753,28.754,0.197
1118,8/28/18 3:45,109.111,28.754,0.133
1119,8/28/18 4:00,108.454,28.754,0.068
1120,8/28/18 4:15,107.781,28.754,0.001
1121,8/28/18 4:30,107.156,28.754,-0.061
1122,8/28/18 4:45,106.515,28.754,-0.125
1123,8/28/18 5:00,105.651,28.754,-0.211
1124,8/28/18 5:15,104.719,28.655,-0.304
1125,8/28/18 5:30,104.079,28.655,-0.368
1126,8/28/18 5:45,104,28.655,-0.375
1127,8/28/18 6:00,103.98,28.555,-0.377
1128,8/28/18 6:15,103.98,28.555,-0.377
1129,8/28/18 6:30,103.964,28.555,-0.379
1130,8/28/18 6:45,103.98,28.555,-0.377
1131,8/28/18 7:00,103.98,28.555,-0.377
1132,8/28/18 7:15,103.98,28.555,-0.377
1133,8/28/18 7:30,103.98,28.555,-0.377
1134,8/28/18 7:45,103.98,28.555,-0.377
1135,8/28/18 8:00,103.964,28.555,-0.379
1136,8/28/18 8:15,103.98,28.555,-0.377
1137,8/28/18 8:30,103.98,28.555,-0.377
1138,8/28/18 8:45,103.98,28.555,-0.377
1139,8/28/18 9:00,103.98,28.555,-0.377
1140,8/28/18 9:15,103.98,28.555,-0.377
1141,8/28/18 9:30,103.98,28.555,-0.377
1142,8/28/18 9:45,103.98,28.555,-0.377
1143,8/28/18 10:00,103.996,28.555,-0.376
1144,8/28/18 10:15,103.98,28.555,-0.377
1145,8/28/18 10:30,103.948,28.555,-0.381
1146,8/28/18 10:45,103.932,28.555,-0.382
1147,8/28/18 11:00,103.916,28.555,-0.384
1148,8/28/18 11:15,103.916,28.555,-0.384
1149,8/28/18 11:30,103.884,28.555,-0.387
1150,8/28/18 11:45,103.868,28.555,-0.389
1151,8/28/18 12:00,103.852,28.555,-0.39
1152,8/28/18 12:15,103.848,28.456,-0.39
1153,8/28/18 12:30,103.816,28.456,-0.394
1154,8/28/18 12:45,103.88,28.456,-0.387
1155,8/28/18 13:00,105.819,28.555,-0.194
1156,8/28/18 13:15,106.699,28.555,-0.107
1157,8/28/18 13:30,107.548,28.555,-0.022
1158,8/28/18 13:45,108.43,28.555,0.065
1159,8/28/18 14:00,109.584,28.555,0.18
1160,8/28/18 14:15,110.644,28.555,0.286
1161,8/28/18 14:30,111.708,28.655,0.391
1162,8/28/18 14:45,112.592,28.655,0.479
1163,8/28/18 15:00,113.207,28.754,0.541
1164,8/28/18 15:15,113.464,28.754,0.566
1165,8/28/18 15:30,113.436,28.853,0.563
1166,8/28/18 15:45,113.034,28.853,0.523
1167,8/28/18 16:00,112.315,28.953,0.452
1168,8/28/18 16:15,111.495,28.953,0.37
1169,8/28/18 16:30,110.66,28.953,0.287
1170,8/28/18 16:45,109.825,28.953,0.204
1171,8/28/18 17:00,109.023,28.953,0.124
1172,8/28/18 17:15,108.269,28.953,0.049
1173,8/28/18 17:30,107.532,28.953,-0.024
1174,8/28/18 17:45,106.859,28.953,-0.091
1175,8/28/18 18:00,106.203,28.953,-0.156
1176,8/28/18 18:15,105.243,28.953,-0.252
1177,8/28/18 18:30,104.331,28.953,-0.342
1178,8/28/18 18:45,103.863,28.853,-0.389
1179,8/28/18 19:00,103.86,28.754,-0.389
1180,8/28/18 19:15,103.86,28.754,-0.389
1181,8/28/18 19:30,103.856,28.655,-0.39
1182,8/28/18 19:45,103.84,28.655,-0.391
1183,8/28/18 20:00,103.856,28.655,-0.39
1184,8/28/18 20:15,103.872,28.655,-0.388
1185,8/28/18 20:30,103.872,28.655,-0.388
1186,8/28/18 20:45,103.872,28.655,-0.388
1187,8/28/18 21:00,103.888,28.655,-0.387
1188,8/28/18 21:15,103.888,28.655,-0.387
1189,8/28/18 21:30,103.904,28.655,-0.385
1190,8/28/18 21:45,103.939,28.754,-0.381
1191,8/28/18 22:00,103.924,28.754,-0.383
1192,8/28/18 22:15,103.924,28.754,-0.383
1193,8/28/18 22:30,103.924,28.754,-0.383
1194,8/28/18 22:45,103.939,28.754,-0.381
1195,8/28/18 23:00,103.924,28.754,-0.383
1196,8/28/18 23:15,103.939,28.754,-0.381
1197,8/28/18 23:30,103.924,28.754,-0.383
1198,8/28/18 23:45,103.939,28.754,-0.381
1199,8/29/18 0:00,103.955,28.754,-0.38
1200,8/29/18 0:15,103.939,28.754,-0.381
1201,8/29/18 0:30,103.939,28.754,-0.381
1202,8/29/18 0:45,103.924,28.754,-0.383
1203,8/29/18 1:00,103.955,28.754,-0.38
1204,8/29/18 1:15,105.075,28.754,-0.268
1205,8/29/18 1:30,106.051,28.754,-0.171
1206,8/29/18 1:45,106.727,28.853,-0.104
1207,8/29/18 2:00,107.4,28.853,-0.037
1208,8/29/18 2:15,108.025,28.853,0.025
1209,8/29/18 2:30,108.682,28.853,0.09
1210,8/29/18 2:45,109.292,28.853,0.151
1211,8/29/18 3:00,109.805,28.853,0.202
1212,8/29/18 3:15,110.174,28.853,0.239
1213,8/29/18 3:30,110.254,28.853,0.247
1214,8/29/18 3:45,110.062,28.853,0.228
1215,8/29/18 4:00,109.58,28.853,0.18
1216,8/29/18 4:15,108.955,28.853,0.118
1217,8/29/18 4:30,108.297,28.853,0.052
1218,8/29/18 4:45,107.656,28.853,-0.012
1219,8/29/18 5:00,107.031,28.853,-0.074
1220,8/29/18 5:15,106.423,28.853,-0.134
1221,8/29/18 5:30,105.539,28.754,-0.222
1222,8/29/18 5:45,104.627,28.754,-0.313
1223,8/29/18 6:00,104.035,28.754,-0.372
1224,8/29/18 6:15,103.984,28.655,-0.377
1225,8/29/18 6:30,103.984,28.655,-0.377
1226,8/29/18 6:45,103.984,28.655,-0.377
1227,8/29/18 7:00,104,28.655,-0.375
1228,8/29/18 7:15,104,28.655,-0.375
1229,8/29/18 7:30,104,28.655,-0.375
1230,8/29/18 7:45,104,28.655,-0.375
1231,8/29/18 8:00,104,28.655,-0.375
1232,8/29/18 8:15,104.016,28.655,-0.374
1233,8/29/18 8:30,103.98,28.555,-0.377
1234,8/29/18 8:45,103.98,28.555,-0.377
1235,8/29/18 9:00,103.98,28.555,-0.377
1236,8/29/18 9:15,103.964,28.555,-0.379
1237,8/29/18 9:30,103.964,28.555,-0.379
1238,8/29/18 9:45,103.964,28.555,-0.379
1239,8/29/18 10:00,103.964,28.555,-0.379
1240,8/29/18 10:15,103.98,28.555,-0.377
1241,8/29/18 10:30,103.964,28.555,-0.379
1242,8/29/18 10:45,103.964,28.555,-0.379
1243,8/29/18 11:00,103.932,28.555,-0.382
1244,8/29/18 11:15,103.932,28.555,-0.382
1245,8/29/18 11:30,103.9,28.555,-0.385
1246,8/29/18 11:45,103.916,28.555,-0.384
1247,8/29/18 12:00,103.884,28.555,-0.387
1248,8/29/18 12:15,103.884,28.555,-0.387
1249,8/29/18 12:30,103.868,28.555,-0.389
1250,8/29/18 12:45,103.868,28.555,-0.389
1251,8/29/18 13:00,103.852,28.555,-0.39
1252,8/29/18 13:15,103.884,28.555,-0.387
1253,8/29/18 13:30,105.675,28.555,-0.209
1254,8/29/18 13:45,106.559,28.655,-0.121
1255,8/29/18 14:00,107.312,28.655,-0.046
1256,8/29/18 14:15,108.129,28.655,0.035
1257,8/29/18 14:30,109.107,28.655,0.133
1258,8/29/18 14:45,110.07,28.655,0.229
1259,8/29/18 15:00,110.957,28.754,0.317
1260,8/29/18 15:15,111.68,28.754,0.389
1261,8/29/18 15:30,112.166,28.853,0.437
1262,8/29/18 15:45,112.347,28.953,0.455
1263,8/29/18 16:00,112.17,28.953,0.437
1264,8/29/18 16:15,111.66,29.053,0.387
1265,8/29/18 16:30,111.033,29.053,0.324
1266,8/29/18 16:45,110.347,29.152,0.256
1267,8/29/18 17:00,109.625,29.152,0.184
1268,8/29/18 17:15,108.855,29.152,0.108
1269,8/29/18 17:30,108.149,29.152,0.037
1270,8/29/18 17:45,107.46,29.152,-0.031
1271,8/29/18 18:00,106.819,29.152,-0.095
1272,8/29/18 18:15,106.115,29.152,-0.165
1273,8/29/18 18:30,105.166,29.053,-0.259
1274,8/29/18 18:45,104.303,29.053,-0.345
1275,8/29/18 19:00,104.075,28.953,-0.368
1276,8/29/18 19:15,104.071,28.853,-0.368
1277,8/29/18 19:30,104.087,28.853,-0.367
1278,8/29/18 19:45,104.039,28.853,-0.371
1279,8/29/18 20:00,104.039,28.853,-0.371
1280,8/29/18 20:15,104.055,28.853,-0.37
1281,8/29/18 20:30,104.071,28.853,-0.368
1282,8/29/18 20:45,104.087,28.853,-0.367
1283,8/29/18 21:00,104.103,28.853,-0.365
1284,8/29/18 21:15,104.103,28.853,-0.365
1285,8/29/18 21:30,104.103,28.853,-0.365
1286,8/29/18 21:45,104.071,28.853,-0.368
1287,8/29/18 22:00,104.103,28.853,-0.365
1288,8/29/18 22:15,104.119,28.853,-0.364
1289,8/29/18 22:30,104.119,28.853,-0.364
1290,8/29/18 22:45,104.119,28.853,-0.364
1291,8/29/18 23:00,104.151,28.853,-0.36
1292,8/29/18 23:15,104.171,28.953,-0.358
1293,8/29/18 23:30,104.123,28.953,-0.363
1294,8/29/18 23:45,104.123,28.953,-0.363
1295,8/30/18 0:00,104.107,28.953,-0.365
1296,8/30/18 0:15,104.091,28.953,-0.366
1297,8/30/18 0:30,104.091,28.953,-0.366
1298,8/30/18 0:45,104.075,28.953,-0.368
1299,8/30/18 1:00,104.043,28.953,-0.371
1300,8/30/18 1:15,104.011,28.953,-0.374
1301,8/30/18 1:30,104.011,28.953,-0.374
1302,8/30/18 1:45,104.007,28.853,-0.375
1303,8/30/18 2:00,105.335,28.853,-0.243
1304,8/30/18 2:15,106.215,28.853,-0.155
1305,8/30/18 2:30,106.839,28.853,-0.093
1306,8/30/18 2:45,107.512,28.853,-0.026
1307,8/30/18 3:00,108.185,28.853,0.041
1308,8/30/18 3:15,108.81,28.853,0.103
1309,8/30/18 3:30,109.26,28.853,0.148
1310,8/30/18 3:45,109.693,28.853,0.191
1311,8/30/18 4:00,109.837,28.853,0.205
1312,8/30/18 4:15,109.725,28.853,0.194
1313,8/30/18 4:30,109.308,28.853,0.153
1314,8/30/18 4:45,108.762,28.853,0.098
1315,8/30/18 5:00,108.201,28.853,0.043
1316,8/30/18 5:15,107.608,28.853,-0.016
1317,8/30/18 5:30,107.048,28.853,-0.072
1318,8/30/18 5:45,106.375,28.853,-0.139
1319,8/30/18 6:00,105.463,28.853,-0.23
1320,8/30/18 6:15,104.595,28.754,-0.316
1321,8/30/18 6:30,104.243,28.754,-0.351
1322,8/30/18 6:45,104.243,28.754,-0.351
1323,8/30/18 7:00,104.239,28.655,-0.352
1324,8/30/18 7:15,104.239,28.655,-0.352
1325,8/30/18 7:30,104.223,28.655,-0.353
1326,8/30/18 7:45,104.207,28.655,-0.355
1327,8/30/18 8:00,104.207,28.655,-0.355
1328,8/30/18 8:15,104.207,28.655,-0.355
1329,8/30/18 8:30,104.207,28.655,-0.355
1330,8/30/18 8:45,104.207,28.655,-0.355
1331,8/30/18 9:00,104.207,28.655,-0.355
1332,8/30/18 9:15,104.223,28.655,-0.353
1333,8/30/18 9:30,104.223,28.655,-0.353
1334,8/30/18 9:45,104.203,28.555,-0.355
1335,8/30/18 10:00,104.172,28.555,-0.358
1336,8/30/18 10:15,104.187,28.555,-0.357
1337,8/30/18 10:30,104.172,28.555,-0.358
1338,8/30/18 10:45,104.14,28.555,-0.361
1339,8/30/18 11:00,104.124,28.555,-0.363
1340,8/30/18 11:15,104.108,28.555,-0.365
1341,8/30/18 11:30,104.092,28.555,-0.366
1342,8/30/18 11:45,104.06,28.555,-0.369
1343,8/30/18 12:00,104.044,28.555,-0.371
1344,8/30/18 12:15,104.028,28.555,-0.373
1345,8/30/18 12:30,103.996,28.555,-0.376
1346,8/30/18 12:45,103.98,28.555,-0.377
1347,8/30/18 13:00,103.98,28.555,-0.377
1348,8/30/18 13:15,103.948,28.555,-0.381
1349,8/30/18 13:30,103.948,28.555,-0.381
1350,8/30/18 13:45,104.315,28.555,-0.344
1351,8/30/18 14:00,105.579,28.555,-0.218
1352,8/30/18 14:15,106.379,28.555,-0.139
1353,8/30/18 14:30,107.02,28.555,-0.075
1354,8/30/18 14:45,107.648,28.655,-0.012
1355,8/30/18 15:00,108.354,28.655,0.058
1356,8/30/18 15:15,109.091,28.655,0.131
1357,8/30/18 15:30,109.685,28.655,0.19
1358,8/30/18 15:45,110.202,28.754,0.242
1359,8/30/18 16:00,110.571,28.754,0.278
1360,8/30/18 16:15,110.704,28.853,0.292
1361,8/30/18 16:30,110.608,28.853,0.282
1362,8/30/18 16:45,110.275,28.953,0.249
1363,8/30/18 17:00,109.745,28.953,0.196
1364,8/30/18 17:15,109.103,28.953,0.132
1365,8/30/18 17:30,108.418,29.053,0.064
1366,8/30/18 17:45,107.76,29.053,-0.001
1367,8/30/18 18:00,107.136,29.053,-0.063
1368,8/30/18 18:15,106.543,29.053,-0.122
1369,8/30/18 18:30,105.695,29.053,-0.207
1370,8/30/18 18:45,104.779,28.953,-0.298
1371,8/30/18 19:00,104.023,28.853,-0.373
1372,8/30/18 19:15,103.943,28.853,-0.381
1373,8/30/18 19:30,103.955,28.754,-0.38
1374,8/30/18 19:45,103.955,28.754,-0.38
1375,8/30/18 20:00,103.955,28.754,-0.38
1376,8/30/18 20:15,103.955,28.754,-0.38
1377,8/30/18 20:30,103.955,28.754,-0.38
1378,8/30/18 20:45,103.975,28.853,-0.378
1379,8/30/18 21:00,103.975,28.853,-0.378
1380,8/30/18 21:15,103.975,28.853,-0.378
1381,8/30/18 21:30,103.991,28.853,-0.376
1382,8/30/18 21:45,103.975,28.853,-0.378
1383,8/30/18 22:00,103.975,28.853,-0.378
1384,8/30/18 22:15,103.975,28.853,-0.378
1385,8/30/18 22:30,103.959,28.853,-0.379
1386,8/30/18 22:45,103.959,28.853,-0.379
1387,8/30/18 23:00,103.975,28.853,-0.378
1388,8/30/18 23:15,103.959,28.853,-0.379
1389,8/30/18 23:30,103.959,28.853,-0.379
1390,8/30/18 23:45,103.959,28.853,-0.379
1391,8/31/18 0:00,103.927,28.853,-0.383
1392,8/31/18 0:15,103.927,28.853,-0.383
1393,8/31/18 0:30,103.931,28.953,-0.382
1394,8/31/18 0:45,103.931,28.953,-0.382
1395,8/31/18 1:00,103.899,28.953,-0.385
1396,8/31/18 1:15,103.883,28.953,-0.387
1397,8/31/18 1:30,103.867,28.953,-0.389
1398,8/31/18 1:45,103.867,28.953,-0.389
1399,8/31/18 2:00,103.851,28.953,-0.39
1400,8/31/18 2:15,103.867,28.953,-0.389
1401,8/31/18 2:30,103.899,28.953,-0.385
1402,8/31/18 2:45,105.099,28.953,-0.266
1403,8/31/18 3:00,105.819,28.953,-0.194
1404,8/31/18 3:15,106.431,29.053,-0.134
1405,8/31/18 3:30,106.927,29.053,-0.084
1406,8/31/18 3:45,107.424,29.053,-0.035
1407,8/31/18 4:00,107.873,29.053,0.01
1408,8/31/18 4:15,108.273,29.053,0.05
1409,8/31/18 4:30,108.578,29.053,0.08
1410,8/31/18 4:45,108.674,29.053,0.09
1411,8/31/18 5:00,108.562,29.053,0.078
1412,8/31/18 5:15,108.241,29.053,0.047
1413,8/31/18 5:30,107.76,29.053,-0.001
1414,8/31/18 5:45,107.244,28.953,-0.053
1415,8/31/18 6:00,106.747,28.953,-0.102
1416,8/31/18 6:15,106.123,28.953,-0.164
1417,8/31/18 6:30,105.339,28.953,-0.242
1418,8/31/18 6:45,104.491,28.953,-0.327
1419,8/31/18 7:00,104.071,28.853,-0.368
1420,8/31/18 7:15,104.039,28.853,-0.371
1421,8/31/18 7:30,104.039,28.853,-0.371
1422,8/31/18 7:45,104.019,28.754,-0.373
1423,8/31/18 8:00,104.019,28.754,-0.373
1424,8/31/18 8:15,104.003,28.754,-0.375
1425,8/31/18 8:30,104.003,28.754,-0.375
1426,8/31/18 8:45,103.987,28.754,-0.377
1427,8/31/18 9:00,103.971,28.754,-0.378
1428,8/31/18 9:15,103.955,28.754,-0.38
1429,8/31/18 9:30,103.939,28.754,-0.381
1430,8/31/18 9:45,103.955,28.754,-0.38
1431,8/31/18 10:00,103.939,28.754,-0.381
1432,8/31/18 10:15,103.924,28.754,-0.383
1433,8/31/18 10:30,103.892,28.754,-0.386
1434,8/31/18 10:45,103.892,28.754,-0.386
1435,8/31/18 11:00,103.844,28.754,-0.391
1436,8/31/18 11:15,103.812,28.754,-0.394
1437,8/31/18 11:30,103.812,28.754,-0.394
1438,8/31/18 11:45,103.78,28.754,-0.397
1439,8/31/18 12:00,103.748,28.754,-0.4
1440,8/31/18 12:15,103.716,28.754,-0.404
1441,8/31/18 12:30,103.684,28.754,-0.407
1442,8/31/18 12:45,103.652,28.754,-0.41
1443,8/31/18 13:00,103.636,28.754,-0.412
1444,8/31/18 13:15,103.62,28.754,-0.413
1445,8/31/18 13:30,103.588,28.754,-0.416
1446,8/31/18 13:45,103.588,28.754,-0.416
1447,8/31/18 14:00,103.572,28.754,-0.418
1448,8/31/18 14:15,104.083,28.754,-0.367
1449,8/31/18 14:30,104.883,28.754,-0.288
1450,8/31/18 14:45,105.559,28.853,-0.22
1451,8/31/18 15:00,106.119,28.853,-0.165
1452,8/31/18 15:15,106.615,28.853,-0.115
1453,8/31/18 15:30,107.132,28.953,-0.064
1454,8/31/18 15:45,107.612,28.953,-0.016
1455,8/31/18 16:00,108.093,28.953,0.032
1456,8/31/18 16:15,108.514,29.053,0.074
1457,8/31/18 16:30,108.851,29.053,0.107
1458,8/31/18 16:45,108.983,29.152,0.12
1459,8/31/18 17:00,108.871,29.152,0.109
1460,8/31/18 17:15,108.582,29.152,0.08
1461,8/31/18 17:30,108.121,29.252,0.035
1462,8/31/18 17:45,107.608,29.252,-0.016
1463,8/31/18 18:00,107.063,29.252,-0.071
1464,8/31/18 18:15,106.503,29.252,-0.126
1465,8/31/18 18:30,105.946,29.352,-0.182
1466,8/31/18 18:45,105.11,29.252,-0.265
1467,8/31/18 19:00,104.231,29.252,-0.352
1468,8/31/18 19:15,103.555,29.152,-0.42
1469,8/31/18 19:30,103.536,29.053,-0.422
1470,8/31/18 19:45,103.504,29.053,-0.425
1471,8/31/18 20:00,103.488,29.053,-0.426
1472,8/31/18 20:15,103.504,29.053,-0.425
1473,8/31/18 20:30,103.52,29.053,-0.423
1474,8/31/18 20:45,103.536,29.053,-0.422
1475,8/31/18 21:00,103.52,29.053,-0.423
1476,8/31/18 21:15,103.536,29.053,-0.422
1477,8/31/18 21:30,103.536,29.053,-0.422
1478,8/31/18 21:45,103.536,29.053,-0.422
1479,8/31/18 22:00,103.568,29.053,-0.418
1480,8/31/18 22:15,103.587,29.152,-0.416
1481,8/31/18 22:30,103.603,29.152,-0.415
1482,8/31/18 22:45,103.603,29.152,-0.415
1483,8/31/18 23:00,103.603,29.152,-0.415
1484,8/31/18 23:15,103.603,29.152,-0.415
1485,8/31/18 23:30,103.619,29.152,-0.413
1486,8/31/18 23:45,103.619,29.152,-0.413
1487,9/1/18 0:00,103.619,29.152,-0.413
1488,9/1/18 0:15,103.603,29.152,-0.415
1489,9/1/18 0:30,103.603,29.152,-0.415
1490,9/1/18 0:45,103.587,29.152,-0.416
1491,9/1/18 1:00,103.575,29.252,-0.418
1492,9/1/18 1:15,103.559,29.252,-0.419
1493,9/1/18 1:30,103.559,29.252,-0.419
1494,9/1/18 1:45,103.543,29.252,-0.421
1495,9/1/18 2:00,103.527,29.252,-0.422
1496,9/1/18 2:15,103.527,29.252,-0.422
1497,9/1/18 2:30,103.511,29.252,-0.424
1498,9/1/18 2:45,103.527,29.252,-0.422
1499,9/1/18 3:00,103.527,29.252,-0.422
1500,9/1/18 3:15,103.543,29.252,-0.421
1501,9/1/18 3:30,104.071,29.252,-0.368
1502,9/1/18 3:45,104.87,29.252,-0.289
1503,9/1/18 4:00,105.526,29.252,-0.224
1504,9/1/18 4:15,105.991,29.252,-0.177
1505,9/1/18 4:30,106.391,29.252,-0.138
1506,9/1/18 4:45,106.759,29.252,-0.101
1507,9/1/18 5:00,107.079,29.252,-0.069
1508,9/1/18 5:15,107.384,29.252,-0.039
1509,9/1/18 5:30,107.592,29.252,-0.018
1510,9/1/18 5:45,107.56,29.252,-0.021
1511,9/1/18 6:00,107.288,29.252,-0.048
1512,9/1/18 6:15,106.791,29.252,-0.098
1513,9/1/18 6:30,106.263,29.252,-0.15
1514,9/1/18 6:45,105.638,29.252,-0.212
1515,9/1/18 7:00,104.966,29.252,-0.279
1516,9/1/18 7:15,104.307,29.152,-0.345
1517,9/1/18 7:30,103.875,29.152,-0.388
1518,9/1/18 7:45,103.855,29.053,-0.39
1519,9/1/18 8:00,103.855,29.053,-0.39
1520,9/1/18 8:15,103.855,29.053,-0.39
1521,9/1/18 8:30,103.855,29.053,-0.39
1522,9/1/18 8:45,103.855,29.053,-0.39
1523,9/1/18 9:00,103.851,28.953,-0.39
1524,9/1/18 9:15,103.835,28.953,-0.392
1525,9/1/18 9:30,103.819,28.953,-0.393
1526,9/1/18 9:45,103.819,28.953,-0.393
1527,9/1/18 10:00,103.819,28.953,-0.393
1528,9/1/18 10:15,103.787,28.953,-0.397
1529,9/1/18 10:30,103.787,28.953,-0.397
1530,9/1/18 10:45,103.787,28.953,-0.397
1531,9/1/18 11:00,103.771,28.953,-0.398
1532,9/1/18 11:15,103.755,28.953,-0.4
1533,9/1/18 11:30,103.755,28.953,-0.4
1534,9/1/18 11:45,103.739,28.953,-0.401
1535,9/1/18 12:00,103.723,28.953,-0.403
1536,9/1/18 12:15,103.692,28.953,-0.406
1537,9/1/18 12:30,103.66,28.953,-0.409
1538,9/1/18 12:45,103.644,28.953,-0.411
1539,9/1/18 13:00,103.644,28.953,-0.411
1540,9/1/18 13:15,103.612,28.953,-0.414
1541,9/1/18 13:30,103.596,28.953,-0.416
1542,9/1/18 13:45,103.564,28.953,-0.419
1543,9/1/18 14:00,103.532,28.953,-0.422
1544,9/1/18 14:15,103.5,28.953,-0.425
1545,9/1/18 14:30,103.484,28.953,-0.427
1546,9/1/18 14:45,103.468,28.953,-0.428
1547,9/1/18 15:00,104.123,28.953,-0.363
1548,9/1/18 15:15,104.703,29.053,-0.305
1549,9/1/18 15:30,105.198,29.053,-0.256
1550,9/1/18 15:45,105.698,29.152,-0.206
1551,9/1/18 16:00,106.115,29.152,-0.165
1552,9/1/18 16:15,106.483,29.152,-0.128
1553,9/1/18 16:30,106.787,29.152,-0.098
1554,9/1/18 16:45,106.995,29.152,-0.077
1555,9/1/18 17:00,107.111,29.252,-0.066
1556,9/1/18 17:15,107.176,29.252,-0.059
1557,9/1/18 17:30,107.128,29.252,-0.064
1558,9/1/18 17:45,106.887,29.252,-0.088
1559,9/1/18 18:00,106.539,29.352,-0.123
1560,9/1/18 18:15,106.139,29.352,-0.163
1561,9/1/18 18:30,105.61,29.352,-0.215
1562,9/1/18 18:45,104.97,29.352,-0.279
1563,9/1/18 19:00,104.263,29.252,-0.349
1564,9/1/18 19:15,103.651,29.152,-0.41
1565,9/1/18 19:30,103.635,29.152,-0.412
1566,9/1/18 19:45,103.619,29.152,-0.413
1567,9/1/18 20:00,103.619,29.152,-0.413
1568,9/1/18 20:15,103.635,29.152,-0.412
1569,9/1/18 20:30,103.635,29.152,-0.412
1570,9/1/18 20:45,103.651,29.152,-0.41
1571,9/1/18 21:00,103.667,29.152,-0.408
1572,9/1/18 21:15,103.651,29.152,-0.41
1573,9/1/18 21:30,103.635,29.152,-0.412
1574,9/1/18 21:45,103.651,29.152,-0.41
1575,9/1/18 22:00,103.651,29.152,-0.41
1576,9/1/18 22:15,103.667,29.152,-0.408
1577,9/1/18 22:30,103.667,29.152,-0.408
1578,9/1/18 22:45,103.683,29.152,-0.407
1579,9/1/18 23:00,103.667,29.152,-0.408
1580,9/1/18 23:15,103.671,29.252,-0.408
1581,9/1/18 23:30,103.687,29.252,-0.407
1582,9/1/18 23:45,103.687,29.252,-0.407
1583,9/2/18 0:00,103.703,29.252,-0.405
1584,9/2/18 0:15,103.703,29.252,-0.405
1585,9/2/18 0:30,103.671,29.252,-0.408
1586,9/2/18 0:45,103.687,29.252,-0.407
1587,9/2/18 1:00,103.687,29.252,-0.407
1588,9/2/18 1:15,103.687,29.252,-0.407
1589,9/2/18 1:30,103.671,29.252,-0.408
1590,9/2/18 1:45,103.639,29.252,-0.411
1591,9/2/18 2:00,103.655,29.252,-0.41
1592,9/2/18 2:15,103.639,29.252,-0.411
1593,9/2/18 2:30,103.655,29.252,-0.41
1594,9/2/18 2:45,103.639,29.252,-0.411
1595,9/2/18 3:00,103.623,29.252,-0.413
1596,9/2/18 3:15,103.623,29.252,-0.413
1597,9/2/18 3:30,103.623,29.252,-0.413
1598,9/2/18 3:45,103.623,29.252,-0.413
1599,9/2/18 4:00,103.623,29.252,-0.413
1600,9/2/18 4:15,103.655,29.252,-0.41
1601,9/2/18 4:30,103.687,29.252,-0.407
1602,9/2/18 4:45,104.471,29.252,-0.329
1603,9/2/18 5:00,105.03,29.252,-0.273
1604,9/2/18 5:15,105.35,29.252,-0.241
1605,9/2/18 5:30,105.558,29.252,-0.22
1606,9/2/18 5:45,105.846,29.252,-0.192
1607,9/2/18 6:00,106.119,29.252,-0.165
1608,9/2/18 6:15,106.279,29.252,-0.149
1609,9/2/18 6:30,106.375,29.252,-0.139
1610,9/2/18 6:45,106.471,29.252,-0.13
1611,9/2/18 7:00,106.391,29.252,-0.138
1612,9/2/18 7:15,106.135,29.252,-0.163
1613,9/2/18 7:30,105.762,29.152,-0.2
1614,9/2/18 7:45,105.266,29.152,-0.249
1615,9/2/18 8:00,104.866,29.152,-0.289
1616,9/2/18 8:15,104.595,29.152,-0.316
1617,9/2/18 8:30,104.239,29.053,-0.352
1618,9/2/18 8:45,104.111,29.053,-0.364
1619,9/2/18 9:00,104.031,29.053,-0.372
1620,9/2/18 9:15,104.031,29.053,-0.372
1621,9/2/18 9:30,104.015,29.053,-0.374
1622,9/2/18 9:45,103.999,29.053,-0.375
1623,9/2/18 10:00,103.995,28.953,-0.376
1624,9/2/18 10:15,103.979,28.953,-0.377
1625,9/2/18 10:30,103.979,28.953,-0.377
1626,9/2/18 10:45,103.963,28.953,-0.379
1627,9/2/18 11:00,103.963,28.953,-0.379
1628,9/2/18 11:15,103.947,28.953,-0.381
1629,9/2/18 11:30,103.947,28.953,-0.381
1630,9/2/18 11:45,103.899,28.953,-0.385
1631,9/2/18 12:00,103.899,28.953,-0.385
1632,9/2/18 12:15,103.883,28.953,-0.387
1633,9/2/18 12:30,103.867,28.953,-0.389
1634,9/2/18 12:45,103.851,28.953,-0.39
1635,9/2/18 13:00,103.851,28.953,-0.39
1636,9/2/18 13:15,103.835,28.953,-0.392
1637,9/2/18 13:30,103.819,28.953,-0.393
1638,9/2/18 13:45,103.803,28.953,-0.395
1639,9/2/18 14:00,103.771,28.953,-0.398
1640,9/2/18 14:15,103.723,28.953,-0.403
1641,9/2/18 14:30,103.723,28.953,-0.403
1642,9/2/18 14:45,103.723,28.953,-0.403
1643,9/2/18 15:00,103.708,28.953,-0.404
1644,9/2/18 15:15,103.692,28.953,-0.406
1645,9/2/18 15:30,103.66,28.953,-0.409
1646,9/2/18 15:45,103.676,28.953,-0.408
1647,9/2/18 16:00,103.883,28.953,-0.387
1648,9/2/18 16:15,104.283,28.953,-0.347
1649,9/2/18 16:30,104.543,29.053,-0.321
1650,9/2/18 16:45,104.639,29.053,-0.312
1651,9/2/18 17:00,104.751,29.053,-0.301
1652,9/2/18 17:15,105.058,29.152,-0.27
1653,9/2/18 17:30,105.282,29.152,-0.248
1654,9/2/18 17:45,105.334,29.252,-0.243
1655,9/2/18 18:00,105.254,29.252,-0.251
1656,9/2/18 18:15,105.078,29.252,-0.268
1657,9/2/18 18:30,104.742,29.252,-0.302
1658,9/2/18 18:45,104.503,29.252,-0.325
1659,9/2/18 19:00,104.307,29.152,-0.345
1660,9/2/18 19:15,104.115,29.152,-0.364
1661,9/2/18 19:30,103.939,29.152,-0.381
1662,9/2/18 19:45,103.891,29.152,-0.386
1663,9/2/18 20:00,103.891,29.152,-0.386
1664,9/2/18 20:15,103.891,29.152,-0.386
1665,9/2/18 20:30,103.891,29.152,-0.386
1666,9/2/18 20:45,103.891,29.152,-0.386
1667,9/2/18 21:00,103.907,29.152,-0.385
1668,9/2/18 21:15,103.939,29.152,-0.381
1669,9/2/18 21:30,103.943,29.252,-0.381
1670,9/2/18 21:45,103.959,29.252,-0.379
1671,9/2/18 22:00,103.975,29.252,-0.378
1672,9/2/18 22:15,103.975,29.252,-0.378
1673,9/2/18 22:30,103.959,29.252,-0.379
1674,9/2/18 22:45,103.959,29.252,-0.379
1675,9/2/18 23:00,103.959,29.252,-0.379
1676,9/2/18 23:15,103.947,29.352,-0.381
1677,9/2/18 23:30,103.963,29.352,-0.379
1678,9/2/18 23:45,103.947,29.352,-0.381
1679,9/3/18 0:00,103.947,29.352,-0.381
1680,9/3/18 0:15,103.915,29.352,-0.384
1681,9/3/18 0:30,103.931,29.352,-0.382
1682,9/3/18 0:45,103.931,29.352,-0.382
1683,9/3/18 1:00,103.931,29.352,-0.382
1684,9/3/18 1:15,103.915,29.352,-0.384
1685,9/3/18 1:30,103.899,29.352,-0.385
1686,9/3/18 1:45,103.899,29.352,-0.385
1687,9/3/18 2:00,103.899,29.352,-0.385
1688,9/3/18 2:15,103.883,29.352,-0.387
1689,9/3/18 2:30,103.883,29.352,-0.387
1690,9/3/18 2:45,103.867,29.352,-0.389
1691,9/3/18 3:00,103.867,29.352,-0.389
1692,9/3/18 3:15,103.867,29.352,-0.389
1693,9/3/18 3:30,103.851,29.352,-0.39
1694,9/3/18 3:45,103.867,29.352,-0.389
1695,9/3/18 4:00,103.863,29.252,-0.389
1696,9/3/18 4:15,103.831,29.252,-0.392
1697,9/3/18 4:30,103.847,29.252,-0.391
1698,9/3/18 4:45,103.831,29.252,-0.392
1699,9/3/18 5:00,103.847,29.252,-0.391
1700,9/3/18 5:15,103.859,29.152,-0.389
1701,9/3/18 5:30,103.891,29.152,-0.386
1702,9/3/18 5:45,103.875,29.152,-0.388
1703,9/3/18 6:00,103.875,29.152,-0.388
1704,9/3/18 6:15,103.935,29.053,-0.382
1705,9/3/18 6:30,104.731,28.953,-0.303
1706,9/3/18 6:45,105.187,28.754,-0.257
1707,9/3/18 7:00,105.587,28.754,-0.217
1708,9/3/18 7:15,105.971,28.754,-0.179
1709,9/3/18 7:30,106.375,28.853,-0.139
1710,9/3/18 7:45,106.631,28.853,-0.114
1711,9/3/18 8:00,106.811,28.953,-0.096
1712,9/3/18 8:15,106.827,28.953,-0.094
1713,9/3/18 8:30,106.811,28.953,-0.096
1714,9/3/18 8:45,106.731,28.953,-0.104
1715,9/3/18 9:00,106.571,28.953,-0.12
1716,9/3/18 9:15,106.347,28.953,-0.142
1717,9/3/18 9:30,106.139,28.953,-0.163
1718,9/3/18 9:45,105.931,28.953,-0.183
1719,9/3/18 10:00,105.803,28.953,-0.196
1720,9/3/18 10:15,105.547,28.953,-0.221
1721,9/3/18 10:30,105.227,28.953,-0.253
1722,9/3/18 10:45,104.919,28.853,-0.284
1723,9/3/18 11:00,104.631,28.853,-0.313
1724,9/3/18 11:15,104.391,28.853,-0.336
1725,9/3/18 11:30,104.311,28.853,-0.344
1726,9/3/18 11:45,104.263,28.853,-0.349
1727,9/3/18 12:00,104.215,28.853,-0.354
1728,9/3/18 12:15,104.183,28.853,-0.357
1729,9/3/18 12:30,104.151,28.853,-0.36
1730,9/3/18 12:45,104.151,28.853,-0.36
1731,9/3/18 13:00,104.119,28.853,-0.364
1732,9/3/18 13:15,104.099,28.754,-0.366
1733,9/3/18 13:30,104.051,28.754,-0.37
1734,9/3/18 13:45,104.035,28.754,-0.372
1735,9/3/18 14:00,104.003,28.754,-0.375
1736,9/3/18 14:15,103.987,28.754,-0.377
1737,9/3/18 14:30,103.939,28.754,-0.381
1738,9/3/18 14:45,103.908,28.754,-0.385
1739,9/3/18 15:00,103.876,28.754,-0.388
1740,9/3/18 15:15,103.844,28.754,-0.391
1741,9/3/18 15:30,103.812,28.754,-0.394
1742,9/3/18 15:45,103.796,28.754,-0.396
1743,9/3/18 16:00,103.796,28.754,-0.396
1744,9/3/18 16:15,103.764,28.754,-0.399
1745,9/3/18 16:30,103.764,28.754,-0.399
1746,9/3/18 16:45,103.752,28.853,-0.4
1747,9/3/18 17:00,103.752,28.853,-0.4
1748,9/3/18 17:15,103.768,28.853,-0.398
1749,9/3/18 17:30,103.784,28.853,-0.397
1750,9/3/18 17:45,103.8,28.853,-0.395
1751,9/3/18 18:00,103.8,28.853,-0.395
1752,9/3/18 18:15,103.8,28.853,-0.395
1753,9/3/18 18:30,103.815,28.853,-0.394
1754,9/3/18 18:45,103.819,28.953,-0.393
1755,9/3/18 19:00,103.835,28.953,-0.392
1756,9/3/18 19:15,103.851,28.953,-0.39
1757,9/3/18 19:30,103.883,28.953,-0.387
1758,9/3/18 19:45,103.915,28.953,-0.384
1759,9/3/18 20:00,103.947,28.953,-0.381
1760,9/3/18 20:15,103.947,28.953,-0.381
1761,9/3/18 20:30,103.983,29.053,-0.377
1762,9/3/18 20:45,103.999,29.053,-0.375
1763,9/3/18 21:00,103.999,29.053,-0.375
1764,9/3/18 21:15,104.015,29.053,-0.374
1765,9/3/18 21:30,104.015,29.053,-0.374
1766,9/3/18 21:45,103.999,29.053,-0.375
1767,9/3/18 22:00,103.999,29.053,-0.375
1768,9/3/18 22:15,103.999,29.053,-0.375
1769,9/3/18 22:30,103.987,29.152,-0.377
1770,9/3/18 22:45,104.003,29.152,-0.375
1771,9/3/18 23:00,104.003,29.152,-0.375
1772,9/3/18 23:15,103.971,29.152,-0.378
1773,9/3/18 23:30,103.971,29.152,-0.378
1774,9/3/18 23:45,103.971,29.152,-0.378
1775,9/4/18 0:00,103.955,29.152,-0.38
1776,9/4/18 0:15,103.955,29.152,-0.38
1777,9/4/18 0:30,103.939,29.152,-0.381
1778,9/4/18 0:45,103.939,29.152,-0.381
1779,9/4/18 1:00,103.923,29.152,-0.383
1780,9/4/18 1:15,103.923,29.152,-0.383
1781,9/4/18 1:30,103.923,29.152,-0.383
1782,9/4/18 1:45,103.903,29.053,-0.385
1783,9/4/18 2:00,103.887,29.053,-0.387
1784,9/4/18 2:15,103.871,29.053,-0.388
1785,9/4/18 2:30,103.867,28.953,-0.389
1786,9/4/18 2:45,103.867,28.953,-0.389
1787,9/4/18 3:00,103.867,28.953,-0.389
1788,9/4/18 3:15,103.831,28.853,-0.392
1789,9/4/18 3:30,103.815,28.853,-0.394
1790,9/4/18 3:45,103.812,28.754,-0.394
1791,9/4/18 4:00,103.796,28.754,-0.396
1792,9/4/18 4:15,103.78,28.754,-0.397
1793,9/4/18 4:30,103.776,28.655,-0.398
1794,9/4/18 4:45,103.76,28.655,-0.399
1795,9/4/18 5:00,103.788,28.555,-0.396
1796,9/4/18 5:15,103.788,28.555,-0.396
1797,9/4/18 5:30,103.788,28.555,-0.396
1798,9/4/18 5:45,103.788,28.555,-0.396
1799,9/4/18 6:00,103.8,28.456,-0.395
1800,9/4/18 6:15,103.832,28.456,-0.392
1801,9/4/18 6:30,103.832,28.456,-0.392
1802,9/4/18 6:45,103.828,28.357,-0.392
1803,9/4/18 7:00,103.828,28.357,-0.392
1804,9/4/18 7:15,103.844,28.357,-0.391
1805,9/4/18 7:30,103.86,28.357,-0.389
1806,9/4/18 7:45,104.595,28.357,-0.316
1807,9/4/18 8:00,105.387,28.159,-0.237
1808,9/4/18 8:15,105.983,28.258,-0.178
1809,9/4/18 8:30,106.483,28.357,-0.128
1810,9/4/18 8:45,106.964,28.357,-0.08
1811,9/4/18 9:00,107.432,28.456,-0.034
1812,9/4/18 9:15,107.849,28.456,0.008
1813,9/4/18 9:30,108.249,28.456,0.047
1814,9/4/18 9:45,108.634,28.456,0.086
1815,9/4/18 10:00,108.923,28.456,0.114
1816,9/4/18 10:15,109.067,28.456,0.129
1817,9/4/18 10:30,109.083,28.456,0.13
1818,9/4/18 10:45,108.923,28.456,0.114
1819,9/4/18 11:00,108.57,28.456,0.079
1820,9/4/18 11:15,108.233,28.456,0.046
1821,9/4/18 11:30,107.977,28.456,0.02
1822,9/4/18 11:45,107.737,28.456,-0.004
1823,9/4/18 12:00,107.528,28.456,-0.024
1824,9/4/18 12:15,107.272,28.456,-0.05
1825,9/4/18 12:30,106.984,28.456,-0.079
1826,9/4/18 12:45,106.615,28.456,-0.115
1827,9/4/18 13:00,106.151,28.456,-0.161
1828,9/4/18 13:15,105.527,28.456,-0.223
1829,9/4/18 13:30,104.871,28.456,-0.289
1830,9/4/18 13:45,104.248,28.456,-0.351
1831,9/4/18 14:00,104.184,28.456,-0.357
1832,9/4/18 14:15,104.168,28.456,-0.359
1833,9/4/18 14:30,104.136,28.456,-0.362
1834,9/4/18 14:45,104.104,28.456,-0.365
1835,9/4/18 15:00,104.088,28.456,-0.367
1836,9/4/18 15:15,104.056,28.456,-0.37
1837,9/4/18 15:30,104.056,28.456,-0.37
1838,9/4/18 15:45,104.04,28.456,-0.371
1839,9/4/18 16:00,104.008,28.456,-0.375
1840,9/4/18 16:15,103.992,28.456,-0.376
1841,9/4/18 16:30,103.976,28.456,-0.378
1842,9/4/18 16:45,103.96,28.456,-0.379
1843,9/4/18 17:00,103.944,28.456,-0.381
1844,9/4/18 17:15,103.944,28.456,-0.381
1845,9/4/18 17:30,103.944,28.456,-0.381
1846,9/4/18 17:45,103.948,28.555,-0.381
1847,9/4/18 18:00,103.948,28.555,-0.381
1848,9/4/18 18:15,103.948,28.555,-0.381
1849,9/4/18 18:30,103.964,28.555,-0.379
1850,9/4/18 18:45,103.964,28.555,-0.379
1851,9/4/18 19:00,103.996,28.555,-0.376
1852,9/4/18 19:15,103.996,28.555,-0.376
1853,9/4/18 19:30,104.012,28.555,-0.374
1854,9/4/18 19:45,104.044,28.555,-0.371
1855,9/4/18 20:00,104.076,28.555,-0.368
1856,9/4/18 20:15,104.076,28.555,-0.368
1857,9/4/18 20:30,104.111,28.655,-0.364
1858,9/4/18 20:45,104.127,28.655,-0.363
1859,9/4/18 21:00,104.127,28.655,-0.363
1860,9/4/18 21:15,104.127,28.655,-0.363
1861,9/4/18 21:30,104.143,28.655,-0.361
1862,9/4/18 21:45,104.159,28.655,-0.36
1863,9/4/18 22:00,104.159,28.655,-0.36
1864,9/4/18 22:15,104.175,28.655,-0.358
1865,9/4/18 22:30,104.175,28.655,-0.358
1866,9/4/18 22:45,104.175,28.655,-0.358
1867,9/4/18 23:00,104.191,28.655,-0.356
1868,9/4/18 23:15,104.207,28.655,-0.355
1869,9/4/18 23:30,104.207,28.655,-0.355
1870,9/4/18 23:45,104.207,28.655,-0.355
1871,9/5/18 0:00,104.207,28.655,-0.355
1872,9/5/18 0:15,104.191,28.655,-0.356
1873,9/5/18 0:30,104.207,28.655,-0.355
1874,9/5/18 0:45,104.175,28.655,-0.358
1875,9/5/18 1:00,104.191,28.655,-0.356
1876,9/5/18 1:15,104.207,28.655,-0.355
1877,9/5/18 1:30,104.191,28.655,-0.356
1878,9/5/18 1:45,104.175,28.655,-0.358
1879,9/5/18 2:00,104.143,28.655,-0.361
1880,9/5/18 2:15,104.156,28.555,-0.36
1881,9/5/18 2:30,104.156,28.555,-0.36
1882,9/5/18 2:45,104.124,28.555,-0.363
1883,9/5/18 3:00,104.108,28.555,-0.365
1884,9/5/18 3:15,104.104,28.456,-0.365
1885,9/5/18 3:30,104.088,28.456,-0.367
1886,9/5/18 3:45,104.056,28.456,-0.37
1887,9/5/18 4:00,104.072,28.456,-0.368
1888,9/5/18 4:15,104.072,28.456,-0.368
1889,9/5/18 4:30,104.068,28.357,-0.369
1890,9/5/18 4:45,104.084,28.357,-0.367
1891,9/5/18 5:00,104.1,28.357,-0.365
1892,9/5/18 5:15,104.1,28.357,-0.365
1893,9/5/18 5:30,104.116,28.357,-0.364
1894,9/5/18 5:45,104.132,28.357,-0.362
1895,9/5/18 6:00,104.18,28.357,-0.357
1896,9/5/18 6:15,104.18,28.357,-0.357
1897,9/5/18 6:30,104.18,28.357,-0.357
1898,9/5/18 6:45,104.18,28.357,-0.357
1899,9/5/18 7:00,104.196,28.357,-0.356
1900,9/5/18 7:15,104.208,28.258,-0.355
1901,9/5/18 7:30,104.208,28.258,-0.355
1902,9/5/18 7:45,104.22,28.159,-0.353
1903,9/5/18 8:00,104.216,28.06,-0.354
1904,9/5/18 8:15,104.212,27.961,-0.354
1905,9/5/18 8:30,104.193,27.862,-0.356
1906,9/5/18 8:45,104.193,27.862,-0.356
1907,9/5/18 9:00,105.596,27.764,-0.217
1908,9/5/18 9:15,106.52,27.665,-0.125
1909,9/5/18 9:30,107.228,27.764,-0.054
1910,9/5/18 9:45,107.857,27.862,0.008
1911,9/5/18 10:00,108.534,27.961,0.076
1912,9/5/18 10:15,109.288,27.961,0.151
1913,9/5/18 10:30,110.078,28.06,0.229
1914,9/5/18 10:45,110.784,28.06,0.3
1915,9/5/18 11:00,111.33,28.06,0.354
1916,9/5/18 11:15,111.667,28.06,0.387
1917,9/5/18 11:30,111.764,28.06,0.397
1918,9/5/18 11:45,111.748,28.06,0.395
1919,9/5/18 12:00,111.507,28.06,0.371
1920,9/5/18 12:15,111.089,28.06,0.33
1921,9/5/18 12:30,110.623,28.06,0.284
1922,9/5/18 12:45,110.142,28.06,0.236
1923,9/5/18 13:00,109.693,28.06,0.191
1924,9/5/18 13:15,109.228,28.06,0.145
1925,9/5/18 13:30,108.763,28.06,0.098
1926,9/5/18 13:45,108.282,28.06,0.051
1927,9/5/18 14:00,107.705,28.06,-0.007
1928,9/5/18 14:15,107.16,28.06,-0.061
1929,9/5/18 14:30,106.376,28.06,-0.139
1930,9/5/18 14:45,105.499,28.159,-0.226
1931,9/5/18 15:00,104.652,28.159,-0.311
1932,9/5/18 15:15,104.46,28.159,-0.33
1933,9/5/18 15:30,104.412,28.159,-0.334
1934,9/5/18 15:45,104.38,28.159,-0.338
1935,9/5/18 16:00,104.396,28.159,-0.336
1936,9/5/18 16:15,104.364,28.159,-0.339
1937,9/5/18 16:30,104.364,28.159,-0.339
1938,9/5/18 16:45,104.364,28.159,-0.339
1939,9/5/18 17:00,104.316,28.159,-0.344
1940,9/5/18 17:15,104.348,28.159,-0.341
1941,9/5/18 17:30,104.316,28.159,-0.344
1942,9/5/18 17:45,104.32,28.258,-0.344
1943,9/5/18 18:00,104.304,28.258,-0.345
1944,9/5/18 18:15,104.288,28.258,-0.347
1945,9/5/18 18:30,104.288,28.258,-0.347
1946,9/5/18 18:45,104.288,28.258,-0.347
1947,9/5/18 19:00,104.288,28.258,-0.347
1948,9/5/18 19:15,104.272,28.258,-0.348
1949,9/5/18 19:30,104.288,28.258,-0.347
1950,9/5/18 19:45,104.304,28.258,-0.345
1951,9/5/18 20:00,104.352,28.258,-0.34
1952,9/5/18 20:15,104.384,28.258,-0.337
1953,9/5/18 20:30,104.42,28.357,-0.334
1954,9/5/18 20:45,104.42,28.357,-0.334
1955,9/5/18 21:00,104.436,28.357,-0.332
1956,9/5/18 21:15,104.452,28.357,-0.33
1957,9/5/18 21:30,104.563,28.357,-0.319
1958,9/5/18 21:45,105.219,28.357,-0.254
1959,9/5/18 22:00,105.539,28.357,-0.222
1960,9/5/18 22:15,105.827,28.357,-0.194
1961,9/5/18 22:30,105.987,28.357,-0.178
1962,9/5/18 22:45,106.035,28.357,-0.173
1963,9/5/18 23:00,105.859,28.357,-0.19
1964,9/5/18 23:15,105.507,28.357,-0.225
1965,9/5/18 23:30,105.203,28.357,-0.256
1966,9/5/18 23:45,104.787,28.357,-0.297
1967,9/6/18 0:00,104.675,28.357,-0.308
1968,9/6/18 0:15,104.627,28.357,-0.313
1969,9/6/18 0:30,104.595,28.357,-0.316
1970,9/6/18 0:45,104.563,28.357,-0.319
1971,9/6/18 1:00,104.531,28.357,-0.323
1972,9/6/18 1:15,104.531,28.357,-0.323
1973,9/6/18 1:30,104.499,28.357,-0.326
1974,9/6/18 1:45,104.484,28.357,-0.327
1975,9/6/18 2:00,104.468,28.357,-0.329
1976,9/6/18 2:15,104.436,28.357,-0.332
1977,9/6/18 2:30,104.404,28.357,-0.335
1978,9/6/18 2:45,104.388,28.357,-0.337
1979,9/6/18 3:00,104.384,28.258,-0.337
1980,9/6/18 3:15,104.368,28.258,-0.339
1981,9/6/18 3:30,104.368,28.258,-0.339
1982,9/6/18 3:45,104.368,28.258,-0.339
1983,9/6/18 4:00,104.352,28.258,-0.34
1984,9/6/18 4:15,104.332,28.159,-0.342
1985,9/6/18 4:30,104.332,28.159,-0.342
1986,9/6/18 4:45,104.312,28.06,-0.344
1987,9/6/18 5:00,104.328,28.06,-0.343
1988,9/6/18 5:15,104.312,28.06,-0.344
1989,9/6/18 5:30,104.344,28.06,-0.341
1990,9/6/18 5:45,104.324,27.961,-0.343
1991,9/6/18 6:00,104.34,27.961,-0.342
1992,9/6/18 6:15,104.356,27.961,-0.34
1993,9/6/18 6:30,104.356,27.961,-0.34
1994,9/6/18 6:45,104.356,27.961,-0.34
1995,9/6/18 7:00,104.372,27.961,-0.338
1996,9/6/18 7:15,104.384,27.862,-0.337
1997,9/6/18 7:30,104.384,27.862,-0.337
1998,9/6/18 7:45,104.384,27.862,-0.337
1999,9/6/18 8:00,104.4,27.862,-0.336
2000,9/6/18 8:15,104.384,27.862,-0.337
2001,9/6/18 8:30,104.372,27.961,-0.338
2002,9/6/18 8:45,104.372,27.961,-0.338
2003,9/6/18 9:00,104.388,27.961,-0.337
2004,9/6/18 9:15,104.388,27.961,-0.337
2005,9/6/18 9:30,104.388,27.961,-0.337
2006,9/6/18 9:45,105.108,27.961,-0.265
2007,9/6/18 10:00,106.772,27.961,-0.1
2008,9/6/18 10:15,107.637,27.961,-0.014
2009,9/6/18 10:30,108.55,27.961,0.077
2010,9/6/18 10:45,109.56,27.961,0.178
2011,9/6/18 11:00,110.728,27.862,0.294
2012,9/6/18 11:15,111.852,27.862,0.406
2013,9/6/18 11:30,112.949,27.961,0.515
2014,9/6/18 11:45,113.765,27.862,0.596
2015,9/6/18 12:00,114.36,27.862,0.655
2016,9/6/18 12:15,114.634,27.862,0.683
2017,9/6/18 12:30,114.606,27.961,0.68
2018,9/6/18 12:45,114.203,27.961,0.64
2019,9/6/18 13:00,113.56,27.961,0.576
2020,9/6/18 13:15,112.836,27.961,0.504
2021,9/6/18 13:30,112.097,27.961,0.43
2022,9/6/18 13:45,111.346,28.06,0.355
2023,9/6/18 14:00,110.607,28.06,0.282
2024,9/6/18 14:15,109.853,28.06,0.207
2025,9/6/18 14:30,109.115,28.06,0.133
2026,9/6/18 14:45,108.41,28.06,0.063
2027,9/6/18 15:00,107.689,28.06,-0.008
2028,9/6/18 15:15,106.984,28.06,-0.079
2029,9/6/18 15:30,106.007,28.06,-0.176
2030,9/6/18 15:45,105.064,28.06,-0.27
2031,9/6/18 16:00,104.536,28.06,-0.322
2032,9/6/18 16:15,104.504,28.06,-0.325
2033,9/6/18 16:30,104.472,28.06,-0.328
2034,9/6/18 16:45,104.472,28.06,-0.328
2035,9/6/18 17:00,104.44,28.06,-0.332
2036,9/6/18 17:15,104.408,28.06,-0.335
2037,9/6/18 17:30,104.44,28.06,-0.332
2038,9/6/18 17:45,104.424,28.06,-0.333
2039,9/6/18 18:00,104.408,28.06,-0.335
2040,9/6/18 18:15,104.408,28.06,-0.335
2041,9/6/18 18:30,104.408,28.06,-0.335
2042,9/6/18 18:45,104.396,28.159,-0.336
2043,9/6/18 19:00,104.412,28.159,-0.334
2044,9/6/18 19:15,104.412,28.159,-0.334
2045,9/6/18 19:30,104.412,28.159,-0.334
2046,9/6/18 19:45,104.428,28.159,-0.333
2047,9/6/18 20:00,104.444,28.159,-0.331
2048,9/6/18 20:15,104.46,28.159,-0.33
2049,9/6/18 20:30,104.476,28.159,-0.328
2050,9/6/18 20:45,104.476,28.159,-0.328
2051,9/6/18 21:00,104.476,28.159,-0.328
2052,9/6/18 21:15,104.492,28.159,-0.326
2053,9/6/18 21:30,104.476,28.159,-0.328
2054,9/6/18 21:45,104.492,28.159,-0.326
2055,9/6/18 22:00,104.492,28.159,-0.326
2056,9/6/18 22:15,105.263,28.258,-0.25
2057,9/6/18 22:30,106.143,28.258,-0.162
2058,9/6/18 22:45,106.768,28.258,-0.1
2059,9/6/18 23:00,107.28,28.258,-0.049
2060,9/6/18 23:15,107.713,28.258,-0.006
2061,9/6/18 23:30,108.097,28.258,0.032
2062,9/6/18 23:45,108.45,28.258,0.067
2063,9/7/18 0:00,108.61,28.258,0.083
2064,9/7/18 0:15,108.61,28.258,0.083
2065,9/7/18 0:30,108.434,28.258,0.066
2066,9/7/18 0:45,108.049,28.258,0.027
2067,9/7/18 1:00,107.6,28.258,-0.017
2068,9/7/18 1:15,107.04,28.258,-0.073
2069,9/7/18 1:30,106.255,28.258,-0.151
2070,9/7/18 1:45,105.359,28.258,-0.24
2071,9/7/18 2:00,104.688,28.258,-0.307
2072,9/7/18 2:15,104.64,28.258,-0.312
2073,9/7/18 2:30,104.592,28.258,-0.316
2074,9/7/18 2:45,104.592,28.258,-0.316
2075,9/7/18 3:00,104.576,28.258,-0.318
2076,9/7/18 3:15,104.56,28.258,-0.32
2077,9/7/18 3:30,104.544,28.258,-0.321
2078,9/7/18 3:45,104.512,28.258,-0.324
2079,9/7/18 4:00,104.512,28.258,-0.324
2080,9/7/18 4:15,104.496,28.258,-0.326
2081,9/7/18 4:30,104.512,28.258,-0.324
2082,9/7/18 4:45,104.48,28.258,-0.328
2083,9/7/18 5:00,104.464,28.258,-0.329
2084,9/7/18 5:15,104.496,28.258,-0.326
2085,9/7/18 5:30,104.464,28.258,-0.329
2086,9/7/18 5:45,104.48,28.258,-0.328
2087,9/7/18 6:00,104.48,28.258,-0.328
2088,9/7/18 6:15,104.476,28.159,-0.328
2089,9/7/18 6:30,104.476,28.159,-0.328
2090,9/7/18 6:45,104.476,28.159,-0.328
2091,9/7/18 7:00,104.492,28.159,-0.326
2092,9/7/18 7:15,104.488,28.06,-0.327
2093,9/7/18 7:30,104.488,28.06,-0.327
2094,9/7/18 7:45,104.488,28.06,-0.327
2095,9/7/18 8:00,104.488,28.06,-0.327
2096,9/7/18 8:15,104.472,28.06,-0.328
2097,9/7/18 8:30,104.488,28.06,-0.327
2098,9/7/18 8:45,104.472,28.06,-0.328
2099,9/7/18 9:00,104.456,28.06,-0.33
2100,9/7/18 9:15,104.488,28.06,-0.327
2101,9/7/18 9:30,104.488,28.06,-0.327
2102,9/7/18 9:45,104.488,28.06,-0.327
2103,9/7/18 10:00,104.488,28.06,-0.327
2104,9/7/18 10:15,104.488,28.06,-0.327
2105,9/7/18 10:30,105.527,28.06,-0.223
2106,9/7/18 10:45,107.192,28.06,-0.058
2107,9/7/18 11:00,108.298,28.06,0.052
2108,9/7/18 11:15,109.436,28.06,0.165
2109,9/7/18 11:30,110.896,28.06,0.311
2110,9/7/18 11:45,112.342,28.06,0.455
2111,9/7/18 12:00,113.842,28.159,0.604
2112,9/7/18 12:15,115.109,28.06,0.73
2113,9/7/18 12:30,116.047,28.159,0.823
2114,9/7/18 12:45,116.643,28.159,0.882
2115,9/7/18 13:00,116.837,28.159,0.902
2116,9/7/18 13:15,116.664,28.258,0.885
2117,9/7/18 13:30,116.019,28.258,0.82
2118,9/7/18 13:45,115.198,28.258,0.739
2119,9/7/18 14:00,114.296,28.258,0.649
2120,9/7/18 14:15,113.347,28.258,0.555
2121,9/7/18 14:30,112.431,28.258,0.463
2122,9/7/18 14:45,111.531,28.258,0.374
2123,9/7/18 15:00,110.664,28.258,0.288
2124,9/7/18 15:15,109.813,28.258,0.203
2125,9/7/18 15:30,108.995,28.258,0.122
2126,9/7/18 15:45,108.257,28.258,0.048
2127,9/7/18 16:00,107.52,28.258,-0.025
2128,9/7/18 16:15,106.752,28.258,-0.102
2129,9/7/18 16:30,105.695,28.258,-0.207
2130,9/7/18 16:45,104.863,28.258,-0.29
2131,9/7/18 17:00,104.48,28.258,-0.328
2132,9/7/18 17:15,104.464,28.258,-0.329
2133,9/7/18 17:30,104.432,28.258,-0.332
2134,9/7/18 17:45,104.432,28.258,-0.332
2135,9/7/18 18:00,104.412,28.159,-0.334
2136,9/7/18 18:15,104.416,28.258,-0.334
2137,9/7/18 18:30,104.448,28.258,-0.331
2138,9/7/18 18:45,104.432,28.258,-0.332
2139,9/7/18 19:00,104.464,28.258,-0.329
2140,9/7/18 19:15,104.48,28.258,-0.328
2141,9/7/18 19:30,104.48,28.258,-0.328
2142,9/7/18 19:45,104.544,28.258,-0.321
2143,9/7/18 20:00,104.528,28.258,-0.323
2144,9/7/18 20:15,104.544,28.258,-0.321
2145,9/7/18 20:30,104.56,28.258,-0.32
2146,9/7/18 20:45,104.544,28.258,-0.321
2147,9/7/18 21:00,104.56,28.258,-0.32
2148,9/7/18 21:15,104.544,28.258,-0.321
2149,9/7/18 21:30,104.56,28.258,-0.32
2150,9/7/18 21:45,104.56,28.258,-0.32
2151,9/7/18 22:00,104.592,28.258,-0.316
2152,9/7/18 22:15,104.592,28.258,-0.316
2153,9/7/18 22:30,104.608,28.258,-0.315
2154,9/7/18 22:45,105.871,28.258,-0.189
2155,9/7/18 23:00,106.884,28.357,-0.088
2156,9/7/18 23:15,107.588,28.357,-0.018
2157,9/7/18 23:30,108.406,28.357,0.063
2158,9/7/18 23:45,109.143,28.357,0.136
2159,9/8/18 0:00,109.865,28.357,0.208
2160,9/8/18 0:15,110.543,28.456,0.276
2161,9/8/18 0:30,111.153,28.456,0.336
2162,9/8/18 0:45,111.475,28.456,0.368
2163,9/8/18 1:00,111.394,28.456,0.36
2164,9/8/18 1:15,110.961,28.456,0.317
2165,9/8/18 1:30,110.302,28.456,0.252
2166,9/8/18 1:45,109.661,28.456,0.188
2167,9/8/18 2:00,109.003,28.456,0.122
2168,9/8/18 2:15,108.346,28.456,0.057
2169,9/8/18 2:30,107.688,28.456,-0.008
2170,9/8/18 2:45,106.984,28.456,-0.079
2171,9/8/18 3:00,105.991,28.456,-0.177
2172,9/8/18 3:15,105.079,28.456,-0.268
2173,9/8/18 3:30,104.707,28.357,-0.305
2174,9/8/18 3:45,104.643,28.357,-0.311
2175,9/8/18 4:00,104.627,28.357,-0.313
2176,9/8/18 4:15,104.627,28.357,-0.313
2177,9/8/18 4:30,104.611,28.357,-0.315
2178,9/8/18 4:45,104.611,28.357,-0.315
2179,9/8/18 5:00,104.611,28.357,-0.315
2180,9/8/18 5:15,104.627,28.357,-0.313
2181,9/8/18 5:30,104.627,28.357,-0.313
2182,9/8/18 5:45,104.611,28.357,-0.315
2183,9/8/18 6:00,104.611,28.357,-0.315
2184,9/8/18 6:15,104.627,28.357,-0.313
2185,9/8/18 6:30,104.643,28.357,-0.311
2186,9/8/18 6:45,104.659,28.357,-0.31
2187,9/8/18 7:00,104.675,28.357,-0.308
2188,9/8/18 7:15,104.675,28.357,-0.308
2189,9/8/18 7:30,104.675,28.357,-0.308
2190,9/8/18 7:45,104.691,28.357,-0.307
2191,9/8/18 8:00,104.707,28.357,-0.305
2192,9/8/18 8:15,104.691,28.357,-0.307
2193,9/8/18 8:30,104.691,28.357,-0.307
2194,9/8/18 8:45,104.691,28.357,-0.307
2195,9/8/18 9:00,104.707,28.357,-0.305
2196,9/8/18 9:15,104.707,28.357,-0.305
2197,9/8/18 9:30,104.723,28.357,-0.303
2198,9/8/18 9:45,104.707,28.357,-0.305
2199,9/8/18 10:00,104.707,28.357,-0.305
2200,9/8/18 10:15,104.691,28.357,-0.307
2201,9/8/18 10:30,104.675,28.357,-0.308
2202,9/8/18 10:45,104.659,28.357,-0.31
2203,9/8/18 11:00,104.659,28.357,-0.31
2204,9/8/18 11:15,106.868,28.357,-0.09
2205,9/8/18 11:30,108.153,28.456,0.038